,Date,Close,Open,High,Low,Volume,Change
0,2013-09-19,2.2,2.16,2.21,2.16,208300.0,0.0
1,2013-09-20,2.2,2.21,2.21,2.19,71800.0,0.032863849765258246
2,2013-09-23,2.13,2.16,2.16,2.13,93000.0,0.004716981132075304
3,2013-09-24,2.12,2.12,2.12,2.12,1000.0,0.00952380952380949
4,2013-09-25,2.1,2.13,2.13,2.08,321100.0,0.0
5,2013-09-26,2.1,2.1,2.1,2.08,606700.0,0.004784688995215447
6,2013-09-27,2.09,2.1,2.11,2.09,157000.0,0.004807692307692291
7,2013-09-30,2.08,2.08,2.09,2.08,33500.0,0.0
8,2013-10-01,2.08,2.08,2.08,2.07,370600.0,0.0
9,2013-10-02,2.08,2.08,2.08,2.06,62900.0,0.014634146341463428
10,2013-10-03,2.05,2.06,2.08,2.04,218400.0,-0.004854368932038944
11,2013-10-04,2.06,2.05,2.07,2.05,128300.00000000001,0.0
12,2013-10-07,2.06,2.06,2.06,2.06,111600.0,0.01980198019801982
13,2013-10-08,2.02,2.06,2.09,2.02,281300.0,-0.028846153846153855
14,2013-10-09,2.08,2.08,2.08,2.08,2000.0,0.014634146341463428
15,2013-10-10,2.05,2.06,2.07,2.05,83800.0,0.0
16,2013-10-11,2.05,2.06,2.06,2.05,104300.0,0.014851485148514865
17,2013-10-14,2.02,2.05,2.05,2.02,114200.0,-0.02415458937198056
18,2013-10-16,2.07,2.03,2.08,2.03,132700.0,-0.059090909090909194
19,2013-10-17,2.2,2.08,2.2,2.08,500200.0,0.00917431192660545
20,2013-10-18,2.18,2.2,2.21,2.15,316200.0,0.004608294930875667
21,2013-10-21,2.17,2.19,2.19,2.16,115800.0,-0.03125000000000011
22,2013-10-22,2.24,2.17,2.25,2.16,512799.99999999994,-0.013215859030836885
23,2013-10-23,2.27,2.25,2.35,2.24,644500.0,0.017937219730941756
24,2013-10-24,2.23,2.27,2.27,2.22,203700.0,0.0182648401826484
25,2013-10-25,2.19,2.22,2.22,2.19,143300.0,0.0
26,2013-10-28,2.19,2.2,2.21,2.19,105000.0,-0.009049773755656076
27,2013-10-29,2.21,2.2,2.22,2.2,218100.0,-0.022123893805309658
28,2013-10-30,2.26,2.23,2.28,2.23,985100.0,0.004444444444444251
29,2013-10-31,2.25,2.23,2.25,2.23,240300.0,0.013513513513513375
30,2013-11-01,2.22,2.22,2.24,2.22,81500.0,0.0
31,2013-11-04,2.22,2.23,2.23,2.22,19500.0,-0.004484304932735328
32,2013-11-06,2.23,2.2,2.23,2.2,99500.0,0.0
33,2013-11-07,2.23,2.19,2.24,2.19,119500.0,0.0
34,2013-11-08,2.23,2.22,2.23,2.22,27000.0,0.0045045045045044585
35,2013-11-11,2.22,2.21,2.22,2.2,88200.0,0.0
36,2013-11-12,2.22,2.22,2.22,2.22,50000.0,0.023041474654378113
37,2013-11-13,2.17,2.22,2.22,2.17,61000.0,-0.004587155963302836
38,2013-11-14,2.18,2.18,2.19,2.17,25500.0,0.004608294930875667
39,2013-11-15,2.17,2.16,2.26,2.14,844400.0,0.0
40,2013-11-18,2.17,2.22,2.25,2.16,691600.0,-0.004587155963302836
41,2013-11-19,2.18,2.18,2.2,2.18,224700.0,0.0092592592592593
42,2013-11-20,2.16,2.18,2.18,2.16,47200.0,0.0046511627906977715
43,2013-11-21,2.15,2.16,2.16,2.06,340900.0,0.0
44,2013-11-22,2.15,2.12,2.15,2.11,121600.0,0.023809523809523725
45,2013-11-25,2.1,2.14,2.14,2.1,48900.0,-0.004739336492890933
46,2013-11-26,2.11,2.12,2.15,2.1,64200.0,0.0
47,2013-11-27,2.11,2.1,2.12,2.1,35900.0,-0.018604651162790753
48,2013-11-28,2.15,2.11,2.15,2.11,33000.0,-0.022727272727272818
49,2013-11-29,2.2,2.16,2.2,2.16,80400.0,0.00917431192660545
50,2013-12-02,2.18,2.2,2.2,2.18,32600.0,0.013953488372093092
51,2013-12-03,2.15,2.16,2.16,2.15,57500.0,0.004672897196261516
52,2013-12-04,2.14,2.15,2.16,2.14,140000.0,-0.01834862385321101
53,2013-12-05,2.18,2.14,2.18,2.13,28100.0,0.013953488372093092
54,2013-12-06,2.15,2.15,2.15,2.15,71500.0,-0.0182648401826484
55,2013-12-09,2.19,2.14,2.19,2.13,17000.0,0.018604651162790642
56,2013-12-10,2.15,2.19,2.2,2.12,36700.0,-0.004629629629629761
57,2013-12-11,2.16,2.17,2.17,2.16,23000.0,0.014084507042253724
58,2013-12-12,2.13,2.15,2.15,2.12,22500.0,0.004716981132075304
59,2013-12-13,2.12,2.13,2.13,2.12,49600.0,-0.02752293577981657
60,2013-12-16,2.18,2.13,2.2,2.13,16300.0,0.013953488372093092
61,2013-12-17,2.15,2.17,2.17,2.15,20000.0,0.009389671361502261
62,2013-12-18,2.13,2.13,2.13,2.13,2600.0,-0.009302325581395321
63,2013-12-19,2.15,2.13,2.17,2.13,57500.0,0.0
64,2013-12-20,2.15,2.16,2.17,2.15,122000.0,0.0
65,2013-12-24,2.15,2.14,2.15,2.13,41700.0,0.009389671361502261
66,2013-12-26,2.13,2.14,2.15,2.13,11000.0,-0.009302325581395321
67,2013-12-27,2.15,2.15,2.15,2.14,30000.0,0.004672897196261516
68,2013-12-30,2.14,2.13,2.15,2.13,6000.0,-0.0046511627906975495
69,2013-12-31,2.15,2.14,2.15,2.14,65000.0,0.004672897196261516
70,2014-01-02,2.14,2.15,2.15,2.14,54000.0,0.0
71,2014-01-03,2.14,2.15,2.15,2.14,65700.0,-0.013824884792626668
72,2014-01-06,2.17,2.14,2.17,2.14,64200.0,-0.01363636363636378
73,2014-01-07,2.2,2.17,2.2,2.17,185000.0,-0.04347826086956508
74,2014-01-08,2.3,2.21,2.31,2.21,1060000.0,-0.0980392156862745
75,2014-01-09,2.55,2.32,2.6,2.3,2610000.0,-0.019230769230769384
76,2014-01-10,2.6,2.55,2.7,2.53,1860000.0,0.0
77,2014-01-13,2.6,2.62,2.69,2.6,1160000.0,-0.011406844106463754
78,2014-01-15,2.63,2.65,2.67,2.55,807700.0,0.015444015444015413
79,2014-01-16,2.59,2.6,2.61,2.46,1350000.0,0.07916666666666661
80,2014-01-20,2.4,2.59,2.59,2.39,461100.0,-0.020408163265306256
81,2014-01-21,2.45,2.35,2.46,2.33,184500.0,0.0
82,2014-01-22,2.45,2.44,2.45,2.44,98500.0,0.0
83,2014-01-23,2.45,2.41,2.45,2.41,22500.0,0.042553191489361764
84,2014-01-24,2.35,2.41,2.41,2.34,673800.0,0.017316017316017396
85,2014-01-27,2.31,2.35,2.35,2.3,135000.0,-0.012820512820512775
86,2014-01-28,2.34,2.32,2.35,2.32,65900.0,-0.025000000000000022
87,2014-01-29,2.4,2.33,2.4,2.33,755500.0,0.02127659574468077
88,2014-01-30,2.35,2.35,2.35,2.35,115300.0,-0.03292181069958855
89,2014-02-04,2.43,2.37,2.45,2.31,393500.0,0.03404255319148941
90,2014-02-05,2.35,2.44,2.45,2.35,319200.0,-0.02083333333333326
91,2014-02-06,2.4,2.38,2.4,2.36,56100.0,0.008403361344537785
92,2014-02-07,2.38,2.36,2.39,2.36,89000.0,-0.008333333333333304
93,2014-02-10,2.4,2.36,2.41,2.36,145000.0,0.012658227848101111
94,2014-02-11,2.37,2.4,2.4,2.37,61000.0,-0.008368200836820106
95,2014-02-12,2.39,2.39,2.39,2.38,10200.0,-0.008298755186721962
96,2014-02-13,2.41,2.39,2.44,2.38,420100.0,0.004166666666666874
97,2014-02-14,2.4,2.41,2.41,2.39,45500.0,0.02127659574468077
98,2014-02-17,2.35,2.38,2.38,2.35,119500.0,-0.012605042016806678
99,2014-02-18,2.38,2.35,2.41,2.35,47400.0,0.00421940928270037
100,2014-02-19,2.37,2.38,2.38,2.35,117100.0,0.012820512820512997
101,2014-02-20,2.34,2.35,2.35,2.33,100000.0,-0.004255319148936287
102,2014-02-21,2.35,2.36,2.39,2.35,18400.0,0.0
103,2014-02-24,2.35,2.35,2.36,2.34,146800.0,0.0
104,2014-02-25,2.35,2.34,2.35,2.34,155200.0,0.0
105,2014-02-26,2.35,2.35,2.38,2.34,567000.0,0.017316017316017396
106,2014-02-27,2.31,2.34,2.34,2.29,190900.0,0.004347826086956719
107,2014-02-28,2.3,2.35,2.35,2.3,180700.0,-0.021276595744680993
108,2014-03-03,2.35,2.3,2.35,2.3,277000.0,0.0
109,2014-03-04,2.35,2.35,2.36,2.35,249000.0,0.0
110,2014-03-05,2.35,2.36,2.36,2.35,280600.0,0.0
111,2014-03-06,2.35,2.35,2.36,2.35,53000.0,0.0
112,2014-03-07,2.35,2.36,2.36,2.35,29500.0,0.0
113,2014-03-10,2.35,2.3,2.35,2.3,54300.0,0.0
114,2014-03-11,2.35,2.35,2.36,2.35,72800.0,0.0
115,2014-03-12,2.35,2.35,2.35,2.35,442500.0,0.0
116,2014-03-13,2.35,2.36,2.36,2.35,535900.0,0.0
117,2014-03-17,2.35,2.35,2.35,2.34,304800.0,0.0
118,2014-03-18,2.35,2.34,2.36,2.34,106000.0,0.0
119,2014-03-19,2.35,2.35,2.36,2.35,293000.0,0.0
120,2014-03-20,2.35,2.33,2.35,2.33,26000.0,0.021739130434782705
121,2014-03-24,2.3,2.35,2.35,2.3,46500.0,-0.021276595744680993
122,2014-03-25,2.35,2.35,2.35,2.31,325400.0,0.0
123,2014-03-26,2.35,2.36,2.36,2.35,122500.0,-0.004237288135593098
124,2014-03-27,2.36,2.35,2.36,2.35,186200.0,0.004255319148936065
125,2014-03-31,2.35,2.35,2.38,2.35,92300.0,-0.004237288135593098
126,2014-04-01,2.36,2.36,2.36,2.36,18000.0,-0.024793388429752095
127,2014-04-02,2.42,2.4,2.43,2.4,299800.0,-0.04347826086956519
128,2014-04-03,2.53,2.43,2.63,2.43,871900.0,0.020161290322580516
129,2014-04-04,2.48,2.56,2.56,2.46,165500.0,0.004048582995951344
130,2014-04-07,2.47,2.47,2.48,2.43,140700.0,-0.004032258064516014
131,2014-04-08,2.48,2.46,2.48,2.46,199900.0,0.0
132,2014-04-09,2.48,2.48,2.52,2.48,136300.0,0.0
133,2014-04-10,2.48,2.48,2.48,2.48,19000.0,0.0
134,2014-04-11,2.48,2.46,2.49,2.46,49200.0,0.0
135,2014-04-14,2.48,2.48,2.49,2.48,78500.0,-0.004016064257028162
136,2014-04-15,2.49,2.48,2.49,2.48,54100.0,-0.011904761904761862
137,2014-04-16,2.52,2.5,2.52,2.48,163100.0,-0.0039525691699603405
138,2014-04-17,2.53,2.52,2.54,2.51,160500.0,-0.003937007874015852
139,2014-04-18,2.54,2.53,2.54,2.53,49100.0,-0.037878787878787956
140,2014-04-21,2.64,2.55,2.67,2.54,837600.0,-0.007518796992481258
141,2014-04-22,2.66,2.63,2.66,2.63,224000.0,0.011406844106463865
142,2014-04-23,2.63,2.62,2.63,2.62,64500.0,0.019379844961240345
143,2014-04-24,2.58,2.62,2.62,2.58,64000.0,0.02788844621513964
144,2014-04-25,2.51,2.55,2.55,2.51,78600.0,-0.034615384615384714
145,2014-04-28,2.6,2.52,2.6,2.52,348700.0,0.031746031746031855
146,2014-04-29,2.52,2.56,2.56,2.52,155200.0,-0.007874015748031482
147,2014-04-30,2.54,2.52,2.6,2.52,21600.0,0.0
148,2014-05-02,2.54,2.54,2.54,2.53,28200.0,0.01195219123505975
149,2014-05-05,2.51,2.43,2.52,2.43,34300.0,0.0
150,2014-05-06,2.51,2.5,2.52,2.5,10200.0,-0.011811023622047334
151,2014-05-07,2.54,2.51,2.54,2.51,31600.0,0.0
152,2014-05-08,2.54,2.54,2.55,2.54,5600.0,0.0
153,2014-05-09,2.54,2.54,2.54,2.52,67500.0,0.0039525691699606735
154,2014-05-12,2.53,2.54,2.54,2.53,44400.0,0.0
155,2014-05-14,2.53,2.55,2.55,2.53,112000.0,-0.015564202334630406
156,2014-05-15,2.57,2.54,2.57,2.54,320300.0,-0.007722007722007707
157,2014-05-16,2.59,2.56,2.59,2.56,39300.0,-0.007662835249042099
158,2014-05-19,2.61,2.59,2.62,2.57,79600.0,0.007722007722007707
159,2014-05-20,2.59,2.6,2.6,2.59,26400.0,0.003875968992248069
160,2014-05-21,2.58,2.6,2.6,2.56,115000.0,0.0078125
161,2014-05-22,2.56,2.59,2.59,2.56,210900.0,-0.007751937984496138
162,2014-05-23,2.58,2.58,2.6,2.56,80000.0,-0.0038610038610037423
163,2014-05-26,2.59,2.55,2.59,2.55,11000.0,-0.02264150943396226
164,2014-05-27,2.65,2.58,2.65,2.57,332200.0,0.0
165,2014-05-28,2.65,2.65,2.66,2.64,568400.0,-0.011194029850746356
166,2014-05-29,2.68,2.65,2.72,2.64,535700.0,-0.01831501831501825
167,2014-05-30,2.73,2.7,2.75,2.68,369700.0,-0.010869565217391242
168,2014-06-02,2.76,2.74,2.76,2.69,673800.0,-0.03157894736842115
169,2014-06-03,2.85,2.76,2.86,2.76,910200.0,0.007067137809187329
170,2014-06-04,2.83,2.85,2.86,2.82,596000.0,0.014336917562723928
171,2014-06-05,2.79,2.83,2.83,2.79,682300.0,-0.0035714285714284477
172,2014-06-06,2.8,2.79,2.8,2.78,163000.0,-0.034482758620689724
173,2014-06-09,2.9,2.75,2.91,2.75,1090000.0,-0.023569023569023684
174,2014-06-10,2.97,2.9,2.98,2.9,922700.0,-0.01980198019801971
175,2014-06-11,3.03,2.97,3.05,2.96,635300.0,0.006644518272425293
176,2014-06-12,3.01,3.0,3.01,2.99,706200.0,0.010067114093959662
177,2014-06-13,2.98,2.99,2.99,2.98,10000.0,-0.00666666666666671
178,2014-06-16,3.0,2.99,3.04,2.99,196900.0,-0.019607843137254943
179,2014-06-17,3.06,3.01,3.07,3.0,634600.0,-0.012903225806451646
180,2014-06-18,3.1,3.06,3.11,3.06,868500.0,-0.01273885350318471
181,2014-06-19,3.14,3.1,3.16,3.1,555000.0,0.012903225806451646
182,2014-06-20,3.1,3.12,3.12,3.08,475700.0,0.0
183,2014-06-23,3.1,3.1,3.11,3.1,889400.0,0.0
184,2014-06-24,3.1,3.1,3.12,3.05,178700.0,-0.0064102564102563875
185,2014-06-25,3.12,3.1,3.12,3.1,895400.0,0.009708737864077666
186,2014-06-26,3.09,3.12,3.12,3.09,389300.0,0.0032467532467532756
187,2014-06-27,3.08,3.09,3.09,3.08,89600.0,0.0032573289902280145
188,2014-06-30,3.07,3.07,3.07,3.06,150800.0,0.006557377049180246
189,2014-07-01,3.05,3.06,3.07,3.04,610700.0,0.0
190,2014-07-02,3.05,3.04,3.05,3.04,247000.0,0.009933774834437026
191,2014-07-03,3.02,3.03,3.03,3.01,9000.0,0.0
192,2014-07-04,3.02,3.02,3.06,3.02,93900.0,0.0033222591362127574
193,2014-07-07,3.01,3.05,3.05,3.0,196300.0,0.006688963210702115
194,2014-07-08,2.99,3.0,3.02,2.99,94200.0,0.003355704697986628
195,2014-07-09,2.98,2.99,3.0,2.98,132800.0,0.020547945205479534
196,2014-07-10,2.92,2.97,2.97,2.87,133000.0,0.01388888888888884
197,2014-07-11,2.88,2.91,2.92,2.8,67100.0,-0.006896551724137945
198,2014-07-14,2.9,2.88,2.9,2.85,33500.0,0.0034602076124565784
199,2014-07-16,2.89,2.9,2.9,2.81,34400.0,-0.013651877133105783
200,2014-07-17,2.93,2.89,2.93,2.89,569300.0,-0.010135135135135087
201,2014-07-18,2.96,2.92,2.98,2.92,164000.0,-0.04516129032258065
202,2014-07-21,3.1,2.98,3.12,2.98,1190000.0,0.003236245954692629
203,2014-07-22,3.09,3.11,3.11,3.08,1580000.0,-0.003225806451612967
204,2014-07-23,3.1,3.1,3.1,3.09,296000.0,0.0
205,2014-07-24,3.1,3.09,3.11,3.08,530400.0,0.0
206,2014-07-25,3.1,3.1,3.1,3.09,163500.0,0.006493506493506551
207,2014-07-30,3.08,3.09,3.09,3.06,103000.0,0.0032573289902280145
208,2014-07-31,3.07,3.06,3.08,3.05,144000.0,0.013201320132013139
209,2014-08-01,3.03,3.06,3.06,3.03,133800.0,0.006644518272425293
210,2014-08-04,3.01,3.04,3.04,3.01,28800.0,0.006688963210702115
211,2014-08-05,2.99,3.01,3.01,2.99,52000.0,0.020477815699658786
212,2014-08-06,2.93,2.98,2.98,2.93,47000.0,0.0034246575342467
213,2014-08-07,2.92,2.92,2.92,2.92,100.0,0.0
214,2014-08-08,2.92,2.93,2.93,2.91,30500.0,0.0034364261168384758
215,2014-08-11,2.91,2.93,2.93,2.89,138600.0,-0.010204081632652962
216,2014-08-12,2.94,2.89,2.94,2.89,72900.0,0.0
217,2014-08-13,2.94,2.94,2.94,2.93,52500.0,-0.003389830508474634
218,2014-08-14,2.95,2.94,2.96,2.94,46400.0,0.017241379310344973
219,2014-08-15,2.9,2.9,2.9,2.89,76600.0,0.0034602076124565784
220,2014-08-18,2.89,2.9,2.9,2.88,53500.0,0.003472222222222321
221,2014-08-19,2.88,2.88,2.88,2.88,9300.0,0.006993006993007089
222,2014-08-20,2.86,2.88,2.89,2.86,48700.0,0.0
223,2014-08-21,2.86,2.86,2.86,2.84,53600.0,0.0035087719298245723
224,2014-08-22,2.85,2.83,2.86,2.81,49500.0,-0.01041666666666663
225,2014-08-26,2.88,2.85,2.88,2.85,27000.0,0.010526315789473717
226,2014-08-27,2.85,2.89,2.89,2.85,17000.0,0.0035211267605634866
227,2014-08-28,2.84,2.86,2.86,2.84,99000.0,-0.0035087719298246833
228,2014-08-29,2.85,2.85,2.85,2.85,46000.0,0.0035211267605634866
229,2014-09-02,2.84,2.84,2.85,2.84,22900.0,0.0
230,2014-09-03,2.84,2.85,2.85,2.84,31000.0,0.0
231,2014-09-04,2.84,2.84,2.84,2.83,20000.0,0.0035335689045936647
232,2014-09-05,2.83,2.84,2.84,2.81,47500.0,0.0
233,2014-09-08,2.83,2.8,2.83,2.79,60300.0,0.010714285714285898
234,2014-09-09,2.8,2.8,2.8,2.79,71000.0,0.010830324909747224
235,2014-09-10,2.77,2.8,2.8,2.77,97100.0,-0.010714285714285676
236,2014-09-11,2.8,2.78,2.8,2.78,45000.0,0.0
237,2014-09-12,2.8,2.82,2.82,2.8,13400.0,0.0
238,2014-09-15,2.8,2.8,2.8,2.79,162200.0,0.0035842293906809264
239,2014-09-17,2.79,2.81,2.81,2.79,71000.0,0.0
240,2014-09-18,2.79,2.79,2.79,2.79,24100.0,0.0
241,2014-09-19,2.79,2.8,2.82,2.79,19000.0,-0.0035714285714284477
242,2014-09-22,2.8,2.8,2.8,2.8,20000.0,-0.003558718861210064
243,2014-09-23,2.81,2.82,2.82,2.8,39400.0,-0.007067137809187329
244,2014-09-24,2.83,2.81,2.83,2.81,14100.0,0.0035460992907803135
245,2014-09-25,2.82,2.83,2.83,2.82,20000.0,0.0
246,2014-09-26,2.82,2.82,2.82,2.82,9800.0,0.0071428571428571175
247,2014-09-29,2.8,2.82,2.82,2.8,37200.0,-0.010600706713780994
248,2014-09-30,2.83,2.83,2.83,2.83,9000.0,-0.04391891891891886
249,2014-10-01,2.96,2.84,2.96,2.84,47600.0,0.03135888501742157
250,2014-10-03,2.87,2.87,2.88,2.85,77000.0,0.028673835125448077
251,2014-10-07,2.79,2.82,2.82,2.79,31000.0,-0.014134275618374548
252,2014-10-08,2.83,2.78,2.83,2.75,9600.0,0.0
253,2014-10-09,2.83,2.78,2.83,2.76,4400.0,0.04044117647058809
254,2014-10-10,2.72,2.8,2.8,2.72,32600.0,0.026415094339622858
255,2014-10-13,2.65,2.68,2.68,2.65,102700.0,0.03921568627450989
256,2014-10-14,2.55,2.61,2.62,2.55,21400.0,0.020000000000000018
257,2014-10-15,2.5,2.6,2.6,2.49,73700.0,0.028806584362139898
258,2014-10-16,2.43,2.44,2.44,2.38,111400.0,0.012500000000000178
259,2014-10-17,2.4,2.43,2.45,2.39,316300.0,-0.008264462809917328
260,2014-10-20,2.42,2.44,2.44,2.4,85600.0,0.0
261,2014-10-21,2.42,2.42,2.42,2.42,7500.0,0.0
262,2014-10-23,2.42,2.42,2.43,2.41,66300.0,-0.0546875
263,2014-10-24,2.56,2.46,2.56,2.46,51500.0,-0.04477611940298509
264,2014-10-27,2.68,2.56,2.68,2.56,29000.0,0.026819923371647514
265,2014-10-28,2.61,2.61,2.61,2.58,33000.0,-0.0076045627376425395
266,2014-10-29,2.63,2.63,2.63,2.62,29100.0,0.015444015444015413
267,2014-10-30,2.59,2.59,2.63,2.58,23600.0,-0.0038461538461539435
268,2014-10-31,2.6,2.6,2.6,2.6,27000.0,-0.054545454545454564
269,2014-11-03,2.75,2.6,2.75,2.6,1400.0,0.037735849056603765
270,2014-11-04,2.65,2.7,2.7,2.65,150000.0,0.03515625
271,2014-11-05,2.56,2.6,2.6,2.56,28000.0,0.007874015748031482
272,2014-11-06,2.54,2.56,2.58,2.54,19000.0,0.024193548387096753
273,2014-11-07,2.48,2.53,2.53,2.48,23000.0,0.0
274,2014-11-10,2.48,2.48,2.48,2.47,39000.0,0.05531914893617018
275,2014-11-11,2.35,2.47,2.47,2.34,213200.0,0.049107142857142794
276,2014-11-12,2.24,2.35,2.35,2.2,190000.0,0.0980392156862746
277,2014-11-13,2.04,2.2,2.2,2.0,479000.0,0.020000000000000018
278,2014-11-14,2.0,2.03,2.03,1.98,941600.0,-0.004975124378109319
279,2014-11-17,2.01,2.01,2.02,2.0,54600.0,-0.009852216748768461
280,2014-11-18,2.03,2.01,2.04,2.01,67300.0,0.004950495049504955
281,2014-11-19,2.02,2.04,2.04,2.0,205700.0,0.0
282,2014-11-20,2.02,2.01,2.02,2.01,115000.0,0.0
283,2014-11-21,2.02,2.05,2.05,2.01,64500.0,-0.05164319248826288
284,2014-11-24,2.13,2.07,2.14,2.07,27900.0,0.009478672985782088
285,2014-11-25,2.11,2.11,2.13,2.11,44300.0,0.004761904761904745
286,2014-11-26,2.1,2.1,2.1,2.1,1000.0,0.0
287,2014-11-27,2.1,2.1,2.1,2.1,5000.0,0.024390243902439046
288,2014-11-28,2.05,2.16,2.16,2.05,534400.0,0.02499999999999991
289,2014-12-01,2.0,2.03,2.04,1.99,160000.0,-0.024390243902438935
290,2014-12-02,2.05,2.1,2.1,2.04,242500.0,0.0
291,2014-12-03,2.05,2.04,2.05,2.04,2000000.0,0.0
292,2014-12-04,2.05,2.05,2.06,2.05,1600000.0,-0.023809523809523947
293,2014-12-05,2.1,2.05,2.1,2.05,1150000.0,0.024390243902439046
294,2014-12-08,2.05,2.08,2.08,2.05,82500.0,0.0
295,2014-12-09,2.05,2.08,2.08,2.05,723300.0,0.0
296,2014-12-10,2.05,2.05,2.06,2.05,257000.0,0.0
297,2014-12-11,2.05,2.05,2.05,2.05,837000.0,0.0
298,2014-12-12,2.05,2.05,2.05,2.05,1020000.0,0.12637362637362615
299,2014-12-15,1.82,1.92,1.92,1.7,60500.0,0.13749999999999996
300,2014-12-16,1.6,1.7,1.7,1.6,171200.0,0.0062893081761006275
301,2014-12-17,1.59,1.61,1.68,1.59,110000.0,-0.0479041916167664
302,2014-12-18,1.67,1.64,1.67,1.64,82900.0,0.0121212121212122
303,2014-12-19,1.65,1.68,1.7,1.65,42800.0,-0.051724137931034475
304,2014-12-22,1.74,1.7,1.77,1.7,204000.0,-0.005714285714285672
305,2014-12-23,1.75,1.77,1.78,1.75,66400.0,0.0
306,2014-12-24,1.75,1.75,1.75,1.75,2500.0,-0.011299435028248594
307,2014-12-26,1.77,1.73,1.77,1.73,67200.0,0.011428571428571344
308,2014-12-29,1.75,1.75,1.77,1.75,53000.0,0.0
309,2014-12-30,1.75,1.75,1.75,1.74,116500.0,0.011560693641618602
310,2014-12-31,1.73,1.74,1.74,1.73,12900.0,0.0
311,2015-01-05,1.73,1.75,1.75,1.73,13700.0,0.029761904761904878
312,2015-01-06,1.68,1.68,1.68,1.68,10000.0,0.05660377358490565
313,2015-01-07,1.59,1.65,1.65,1.59,99400.0,-0.006249999999999978
314,2015-01-08,1.6,1.6,1.62,1.6,51300.0,-0.018404907975460016
315,2015-01-09,1.63,1.6,1.64,1.59,118100.0,-0.0060975609756097615
316,2015-01-12,1.64,1.63,1.64,1.63,4000.0,0.04458598726114649
317,2015-01-13,1.57,1.63,1.63,1.52,225200.0,-0.012578616352201255
318,2015-01-15,1.59,1.58,1.63,1.57,39500.0,0.02580645161290329
319,2015-01-16,1.55,1.58,1.59,1.55,44000.0,-0.0064102564102563875
320,2015-01-19,1.56,1.64,1.64,1.56,170000.0,-0.03703703703703709
321,2015-01-20,1.62,1.58,1.62,1.58,89300.0,0.03846153846153855
322,2015-01-21,1.56,1.55,1.62,1.55,264500.0,-0.03703703703703709
323,2015-01-22,1.62,1.59,1.63,1.57,904800.0,0.04516129032258065
324,2015-01-23,1.55,1.64,1.66,1.54,1210000.0,0.06896551724137945
325,2015-01-26,1.45,1.55,1.55,1.43,608900.0,0.0
326,2015-01-27,1.45,1.5,1.55,1.42,635900.0,0.028368794326241176
327,2015-01-28,1.41,1.47,1.47,1.4,523000.0,0.0601503759398494
328,2015-01-29,1.33,1.42,1.42,1.32,929400.0,0.03100775193798455
329,2015-01-30,1.29,1.37,1.37,1.29,926600.0,-0.04444444444444451
330,2015-02-04,1.35,1.39,1.42,1.32,2060000.0,0.03846153846153855
331,2015-02-05,1.3,1.35,1.35,1.3,1430000.0,-0.07142857142857129
332,2015-02-06,1.4,1.33,1.41,1.33,1450000.0,-0.02777777777777779
333,2015-02-09,1.44,1.43,1.5,1.39,2680000.0,-0.033557046979865834
334,2015-02-10,1.49,1.45,1.5,1.45,1380000.0,0.04195804195804209
335,2015-02-11,1.43,1.49,1.49,1.42,545400.0,-0.01379310344827589
336,2015-02-12,1.45,1.41,1.46,1.41,292200.0,-0.046052631578947456
337,2015-02-13,1.52,1.47,1.53,1.47,1240000.0,0.0066225165562914245
338,2015-02-16,1.51,1.53,1.56,1.5,913100.0,0.01342281879194629
339,2015-02-17,1.49,1.5,1.52,1.49,291600.0,-0.044871794871794934
340,2015-02-18,1.56,1.49,1.56,1.49,800800.0,-0.03105590062111807
341,2015-02-23,1.61,1.57,1.65,1.55,1810000.0,0.05228758169934644
342,2015-02-24,1.53,1.61,1.61,1.53,901300.0,-0.04375000000000007
343,2015-02-25,1.6,1.53,1.6,1.53,554800.0,-0.012345679012345734
344,2015-02-26,1.62,1.6,1.62,1.58,789900.0,0.012499999999999956
345,2015-02-27,1.6,1.62,1.62,1.59,590200.0,0.025641025641025772
346,2015-03-02,1.56,1.6,1.6,1.54,175200.0,0.0
347,2015-03-03,1.56,1.56,1.56,1.54,308400.0,0.019607843137254832
348,2015-03-04,1.53,1.55,1.55,1.52,108000.0,-0.006493506493506551
349,2015-03-05,1.54,1.53,1.54,1.5,154100.0,0.006535947712418277
350,2015-03-06,1.53,1.53,1.53,1.51,84900.0,0.05517241379310356
351,2015-03-09,1.45,1.52,1.52,1.45,351300.0,0.00694444444444442
352,2015-03-10,1.44,1.43,1.46,1.43,171500.0,0.028571428571428692
353,2015-03-11,1.4,1.42,1.42,1.39,360400.0,-0.034482758620689724
354,2015-03-12,1.45,1.41,1.46,1.41,439500.0,0.021126760563380254
355,2015-03-13,1.42,1.45,1.45,1.42,368500.0,0.03649635036496335
356,2015-03-16,1.37,1.4,1.4,1.37,369800.0,0.04580152671755733
357,2015-03-17,1.31,1.38,1.4,1.31,473800.0,-0.015037593984962405
358,2015-03-18,1.33,1.3,1.33,1.3,196400.0,-0.02919708029197088
359,2015-03-19,1.37,1.33,1.38,1.33,226100.0,0.02238805970149249
360,2015-03-20,1.34,1.36,1.36,1.34,20700.0,-0.014705882352941235
361,2015-03-23,1.36,1.37,1.38,1.35,94500.0,-0.021582733812949506
362,2015-03-24,1.39,1.38,1.4,1.38,140000.0,-0.021126760563380254
363,2015-03-25,1.42,1.41,1.42,1.37,112000.0,-0.006993006993006978
364,2015-03-26,1.43,1.41,1.45,1.41,1070000.0,-0.00694444444444442
365,2015-03-27,1.44,1.46,1.48,1.4,593100.0,0.028571428571428692
366,2015-03-30,1.4,1.43,1.5,1.4,279600.0,0.007194244604316502
367,2015-03-31,1.39,1.4,1.4,1.39,45000.0,0.014598540145985162
368,2015-04-01,1.37,1.4,1.4,1.36,204500.0,-0.014388489208632893
369,2015-04-02,1.39,1.39,1.4,1.39,17000.0,-0.0071428571428571175
370,2015-04-03,1.4,1.39,1.43,1.39,37700.0,0.007194244604316502
371,2015-04-06,1.39,1.4,1.4,1.38,52900.0,-0.0071428571428571175
372,2015-04-07,1.4,1.4,1.42,1.4,129100.0,-0.007092198581560294
373,2015-04-08,1.41,1.42,1.43,1.41,70000.0,-0.007042253521126751
374,2015-04-09,1.42,1.42,1.43,1.42,44000.0,0.007092198581560183
375,2015-04-10,1.41,1.42,1.42,1.4,128000.0,0.0071428571428571175
376,2015-04-13,1.4,1.42,1.42,1.4,54000.0,-0.014084507042253502
377,2015-04-14,1.42,1.41,1.43,1.41,92200.0,-0.006993006993006978
378,2015-04-15,1.43,1.42,1.46,1.42,1250000.0,-0.046666666666666745
379,2015-04-16,1.5,1.46,1.53,1.46,1150000.0,0.0
380,2015-04-17,1.5,1.48,1.53,1.47,270400.0,0.0
381,2015-04-20,1.5,1.49,1.51,1.49,272900.0,-0.0066225165562914245
382,2015-04-21,1.51,1.5,1.51,1.49,267500.0,0.020270270270270396
383,2015-04-22,1.48,1.5,1.5,1.48,26000.0,0.013698630136986356
384,2015-04-23,1.46,1.46,1.47,1.45,100700.0,-0.026666666666666727
385,2015-04-24,1.5,1.47,1.51,1.46,351800.0,0.013513513513513598
386,2015-04-27,1.48,1.5,1.5,1.48,52000.0,0.013698630136986356
387,2015-04-28,1.46,1.46,1.46,1.41,41000.0,0.028169014084507005
388,2015-04-30,1.42,1.42,1.46,1.42,11000.0,-0.01388888888888895
389,2015-05-05,1.44,1.42,1.45,1.42,11500.0,-0.020408163265306145
390,2015-05-06,1.47,1.46,1.47,1.45,72000.0,-0.026490066225165587
391,2015-05-07,1.51,1.49,1.54,1.48,269400.0,-0.013071895424836666
392,2015-05-08,1.53,1.51,1.53,1.5,294700.0,0.0
393,2015-05-11,1.53,1.54,1.54,1.53,117000.0,0.020000000000000018
394,2015-05-12,1.5,1.49,1.51,1.49,58400.0,0.0
395,2015-05-13,1.5,1.5,1.5,1.45,32000.0,0.0
396,2015-05-14,1.5,1.47,1.5,1.47,10800.0,0.0
397,2015-05-15,1.5,1.5,1.5,1.5,87200.0,0.0
398,2015-05-18,1.5,1.53,1.53,1.5,36300.0,0.0
399,2015-05-19,1.5,1.5,1.5,1.5,110900.0,0.013513513513513598
400,2015-05-20,1.48,1.5,1.5,1.48,17900.0,0.013698630136986356
401,2015-05-21,1.46,1.48,1.49,1.46,118000.0,0.0
402,2015-05-22,1.46,1.48,1.48,1.46,25500.0,0.04285714285714293
403,2015-05-25,1.4,1.42,1.42,1.4,48800.0,0.0
404,2015-05-26,1.4,1.4,1.42,1.4,17000.0,-0.014084507042253502
405,2015-05-27,1.42,1.38,1.42,1.38,50800.0,0.0
406,2015-05-28,1.42,1.42,1.42,1.39,35000.0,0.0
407,2015-05-29,1.42,1.42,1.43,1.4,112800.0,0.0
408,2015-06-01,1.42,1.4,1.42,1.4,1100.0,0.014285714285714235
409,2015-06-02,1.4,1.42,1.42,1.4,243000.0,0.0
410,2015-06-03,1.4,1.4,1.4,1.38,564300.0,0.01449275362318847
411,2015-06-04,1.38,1.4,1.4,1.38,70500.0,0.0
412,2015-06-05,1.38,1.39,1.39,1.37,49900.0,0.022222222222222143
413,2015-06-08,1.35,1.38,1.39,1.35,190100.0,0.0546875
414,2015-06-09,1.28,1.34,1.35,1.28,746300.0,-0.007751937984496138
415,2015-06-10,1.29,1.28,1.3,1.28,799600.0,0.023809523809523725
416,2015-06-11,1.26,1.3,1.3,1.26,619900.0,-0.007874015748031482
417,2015-06-12,1.27,1.26,1.27,1.25,178300.0,0.0
418,2015-06-15,1.27,1.27,1.27,1.25,651100.0,0.007936507936507908
419,2015-06-16,1.26,1.27,1.27,1.25,82800.0,0.016129032258064502
420,2015-06-17,1.24,1.26,1.26,1.24,130199.99999999999,0.024793388429751984
421,2015-06-18,1.21,1.23,1.25,1.21,500700.0,0.0
422,2015-06-19,1.21,1.21,1.22,1.2,542000.0,0.025423728813559254
423,2015-06-22,1.18,1.21,1.22,1.16,604600.0,-0.01666666666666672
424,2015-06-23,1.2,1.19,1.2,1.18,174500.0,-0.032258064516129115
425,2015-06-24,1.24,1.22,1.24,1.22,148000.0,0.008130081300812941
426,2015-06-25,1.23,1.23,1.24,1.21,244100.0,0.025000000000000133
427,2015-06-26,1.2,1.23,1.23,1.2,157500.0,0.0
428,2015-06-29,1.2,1.2,1.2,1.17,88500.0,0.008403361344537785
429,2015-06-30,1.19,1.19,1.19,1.19,69000.0,-0.0325203252032521
430,2015-07-01,1.23,1.2,1.23,1.2,281000.0,-0.016000000000000014
431,2015-07-02,1.25,1.25,1.27,1.24,105000.0,0.016260162601626105
432,2015-07-03,1.23,1.23,1.24,1.22,217000.0,0.04237288135593231
433,2015-07-06,1.18,1.2,1.2,1.17,183100.0,0.026086956521739202
434,2015-07-07,1.15,1.18,1.18,1.15,224700.0,0.08490566037735836
435,2015-07-08,1.06,1.15,1.15,1.03,430800.0,-0.01851851851851849
436,2015-07-09,1.08,1.05,1.08,1.05,296000.0,-0.027027027027027084
437,2015-07-10,1.11,1.09,1.13,1.09,305900.0,-0.03478260869565197
438,2015-07-13,1.15,1.1,1.15,1.1,89400.0,0.02678571428571419
439,2015-07-14,1.12,1.14,1.14,1.11,67000.0,0.0
440,2015-07-15,1.12,1.12,1.12,1.12,53700.0,0.0181818181818183
441,2015-07-16,1.1,1.1,1.1,1.1,2000.0,-0.0265486725663715
442,2015-07-20,1.13,1.12,1.13,1.1,59200.0,0.008928571428571175
443,2015-07-21,1.12,1.13,1.13,1.1,120300.0,0.03703703703703698
444,2015-07-22,1.08,1.1,1.11,1.08,327900.0,0.0
445,2015-07-23,1.08,1.08,1.08,1.08,49200.0,0.0
446,2015-07-24,1.08,1.08,1.08,1.07,84000.0,0.05882352941176472
447,2015-07-27,1.02,1.03,1.06,1.02,562100.0,0.0
448,2015-07-28,1.02,1.01,1.05,1.0,177100.0,0.0
449,2015-07-29,1.02,1.01,1.03,1.01,429900.0,-0.009708737864077666
450,2015-07-30,1.03,1.02,1.04,1.02,266300.0,-0.03738317757009346
451,2015-07-31,1.07,1.04,1.07,1.04,213000.0,0.03883495145631066
452,2015-08-03,1.03,1.02,1.07,1.02,487400.0,0.01980198019801982
453,2015-08-04,1.01,1.04,1.04,1.0,703200.0,0.0
454,2015-08-05,1.01,1.02,1.02,0.995,187200.0,0.015075376884422065
455,2015-08-06,0.995,0.995,1.0,0.985,337100.0,0.005050505050504972
456,2015-08-07,0.99,0.99,1.0,0.99,330600.0,0.0050761421319796
457,2015-08-10,0.985,0.99,1.01,0.905,588000.0,0.053475935828877
458,2015-08-11,0.935,0.935,0.935,0.925,28100.0,0.016304347826086918
459,2015-08-12,0.92,0.9,0.92,0.89,197900.0,-0.005405405405405461
460,2015-08-13,0.925,0.92,0.925,0.9,659200.0,0.016483516483516425
461,2015-08-14,0.91,0.905,0.91,0.895,186300.0,0.022471910112359605
462,2015-08-17,0.89,0.9,0.9,0.88,151300.0,-0.011111111111111072
463,2015-08-18,0.9,0.89,0.915,0.88,265600.0,-0.016393442622950838
464,2015-08-19,0.915,0.89,0.915,0.89,182500.0,-0.03684210526315779
465,2015-08-20,0.95,0.91,0.95,0.91,783700.0,0.0
466,2015-08-21,0.95,0.945,0.98,0.94,110400.0,0.0439560439560438
467,2015-08-24,0.91,0.9,0.93,0.89,378000.0,-0.010869565217391353
468,2015-08-25,0.92,0.89,0.96,0.89,134900.0,-0.02127659574468077
469,2015-08-26,0.94,0.94,0.945,0.93,65900.0,-0.04081632653061229
470,2015-08-27,0.98,0.95,0.985,0.95,251500.0,-0.010101010101010055
471,2015-08-28,0.99,0.995,1.02,0.99,458000.0,-0.005025125628140725
472,2015-09-01,0.995,1.02,1.05,0.99,255400.0,0.0
473,2015-09-02,0.995,0.99,0.995,0.99,15100.0,-0.02450980392156865
474,2015-09-03,1.02,1.01,1.03,1.0,104800.0,0.0
475,2015-09-04,1.02,1.03,1.03,1.01,99500.0,0.0
476,2015-09-07,1.02,1.02,1.02,1.01,47500.0,-0.019230769230769273
477,2015-09-08,1.04,1.03,1.04,1.02,98800.0,0.009708737864077666
478,2015-09-09,1.03,1.04,1.06,1.01,239500.0,-0.009615384615384581
479,2015-09-10,1.04,1.03,1.04,1.01,66800.0,0.009708737864077666
480,2015-09-11,1.03,1.05,1.07,1.03,346800.0,-0.03738317757009346
481,2015-09-14,1.07,1.04,1.08,1.02,489000.0,0.009433962264151052
482,2015-09-15,1.06,1.08,1.08,1.04,498600.0,-0.036363636363636376
483,2015-09-17,1.1,1.06,1.12,1.06,517000.0,-0.04347826086956508
484,2015-09-18,1.15,1.07,1.15,1.07,550600.0,0.0
485,2015-09-21,1.15,1.14,1.15,1.11,114800.0,0.0
486,2015-09-22,1.15,1.16,1.16,1.14,125800.0,0.0
487,2015-09-23,1.15,1.14,1.15,1.13,54700.0,-0.008620689655172376
488,2015-09-25,1.16,1.15,1.17,1.15,83800.0,0.0
489,2015-09-28,1.16,1.17,1.17,1.13,113500.0,0.03571428571428559
490,2015-09-29,1.12,1.12,1.13,1.11,63200.0,0.009009009009008917
491,2015-09-30,1.11,1.12,1.12,1.11,53000.0,-0.017699115044247593
492,2015-10-01,1.13,1.12,1.13,1.11,23000.0,0.008928571428571175
493,2015-10-02,1.12,1.12,1.13,1.11,48900.0,-0.01754385964912264
494,2015-10-05,1.14,1.08,1.14,1.08,55000.0,-0.02564102564102566
495,2015-10-06,1.17,1.16,1.17,1.16,113000.0,-0.09302325581395354
496,2015-10-07,1.29,1.18,1.29,1.18,814700.0,0.040322580645161255
497,2015-10-08,1.24,1.32,1.34,1.24,260200.0,-0.04615384615384621
498,2015-10-09,1.3,1.29,1.33,1.29,664200.0,-0.007633587786259555
499,2015-10-12,1.31,1.3,1.34,1.3,299000.0,0.015503875968992276
500,2015-10-13,1.29,1.29,1.3,1.25,343100.0,-0.007692307692307665
501,2015-10-15,1.3,1.3,1.31,1.3,100300.0,-0.007633587786259555
502,2015-10-16,1.31,1.31,1.31,1.3,88400.0,0.0
503,2015-10-19,1.31,1.3,1.31,1.3,59500.0,0.007692307692307665
504,2015-10-20,1.3,1.31,1.31,1.3,60600.0,0.040000000000000036
505,2015-10-23,1.25,1.26,1.26,1.25,25000.0,0.0
506,2015-10-26,1.25,1.26,1.26,1.25,38900.0,0.0
507,2015-10-27,1.25,1.25,1.25,1.23,35800.0,0.024590163934426146
508,2015-10-28,1.22,1.23,1.23,1.2,59800.0,-0.016129032258064502
509,2015-10-29,1.24,1.25,1.28,1.24,35400.0,0.0
510,2015-10-30,1.24,1.25,1.25,1.24,43800.0,-0.023622047244094557
511,2015-11-02,1.27,1.25,1.27,1.25,148200.0,0.0
512,2015-11-03,1.27,1.27,1.27,1.23,28000.0,0.0
513,2015-11-04,1.27,1.28,1.28,1.27,16000.0,0.0
514,2015-11-05,1.27,1.27,1.29,1.27,28300.0,0.0
515,2015-11-06,1.27,1.27,1.27,1.27,9000.0,0.007936507936507908
516,2015-11-09,1.26,1.25,1.26,1.25,13600.0,-0.015625
517,2015-11-11,1.28,1.26,1.28,1.26,32900.0,-0.022900763358778664
518,2015-11-12,1.31,1.26,1.31,1.25,79400.0,-0.07092198581560272
519,2015-11-13,1.41,1.3,1.42,1.3,779000.0,0.0
520,2015-11-16,1.41,1.36,1.41,1.36,698100.0,0.0071428571428571175
521,2015-11-17,1.4,1.38,1.4,1.38,894000.0,0.0
522,2015-11-18,1.4,1.39,1.4,1.37,939900.0,0.0
523,2015-11-19,1.4,1.4,1.41,1.4,190700.0,0.0
524,2015-11-20,1.4,1.4,1.41,1.4,307200.0,-0.014084507042253502
525,2015-11-23,1.42,1.42,1.42,1.41,215500.0,0.02898550724637694
526,2015-11-24,1.38,1.41,1.41,1.38,38000.0,0.007299270072992581
527,2015-11-25,1.37,1.38,1.38,1.37,362600.0,-0.007246376811594013
528,2015-11-26,1.38,1.37,1.38,1.37,170000.0,-0.061224489795918435
529,2015-11-27,1.47,1.43,1.48,1.43,659200.0,0.0753474762253108
530,2015-11-30,1.367,1.406,1.425,1.367,240300.0,0.02859292701279159
531,2015-12-01,1.329,1.348,1.348,1.31,719000.0,-0.007468259895444418
532,2015-12-02,1.339,1.339,1.339,1.339,201400.0,-0.00667655786350152
533,2015-12-03,1.348,1.348,1.348,1.339,184100.0,0.006721433905900076
534,2015-12-04,1.339,1.348,1.348,1.339,221500.0,0.007524454477050524
535,2015-12-07,1.329,1.339,1.339,1.32,105400.0,0.01450381679389312
536,2015-12-08,1.31,1.32,1.339,1.3,120700.0,0.007692307692307665
537,2015-12-09,1.3,1.35,1.35,1.3,34000.0,0.040000000000000036
538,2015-12-10,1.25,1.28,1.28,1.25,84000.0,0.04166666666666674
539,2015-12-14,1.2,1.21,1.21,1.16,48200.0,0.04347826086956519
540,2015-12-15,1.15,1.2,1.2,1.15,28000.0,0.0
541,2015-12-16,1.15,1.16,1.17,1.13,22300.0,-0.017094017094017144
542,2015-12-18,1.17,1.17,1.17,1.17,1000.0,0.0
543,2015-12-21,1.17,1.17,1.17,1.15,17600.0,0.0
544,2015-12-22,1.17,1.17,1.17,1.17,5000.0,-0.025000000000000022
545,2015-12-28,1.2,1.19,1.22,1.19,28000.0,-0.040000000000000036
546,2015-12-29,1.25,1.22,1.25,1.22,61000.0,-0.007936507936507908
547,2015-12-30,1.26,1.25,1.29,1.25,72800.0,0.0
548,2015-12-31,1.26,1.26,1.26,1.26,10000.0,0.008000000000000007
549,2016-01-04,1.25,1.25,1.25,1.25,7700.0,-0.03846153846153855
550,2016-01-05,1.3,1.3,1.3,1.3,1000.0,0.040000000000000036
551,2016-01-06,1.25,1.28,1.28,1.25,25500.0,0.050420168067226934
552,2016-01-07,1.19,1.2,1.2,1.19,60000.0,0.008474576271186418
553,2016-01-08,1.18,1.19,1.19,1.17,35000.0,0.0
554,2016-01-11,1.18,1.19,1.19,1.18,21000.0,0.01724137931034475
555,2016-01-12,1.16,1.17,1.17,1.16,8500.0,0.008695652173912993
556,2016-01-13,1.15,1.14,1.17,1.14,60000.0,0.00877192982456143
557,2016-01-15,1.14,1.12,1.14,1.12,5200.0,0.036363636363636154
558,2016-01-18,1.1,1.12,1.12,1.1,80000.0,-0.009009009009009028
559,2016-01-19,1.11,1.1,1.14,1.09,136200.0,0.0277777777777779
560,2016-01-20,1.08,1.13,1.14,1.08,28300.0,0.028571428571428692
561,2016-01-22,1.05,1.08,1.08,1.03,318400.0,0.01941747572815533
562,2016-01-26,1.03,1.05,1.05,1.01,85700.0,0.01980198019801982
563,2016-01-27,1.01,1.03,1.03,1.0,73200.0,0.010000000000000009
564,2016-01-28,1.0,1.03,1.03,1.0,121600.0,-0.11504424778761058
565,2016-01-29,1.13,1.04,1.13,1.04,128199.99999999999,0.027272727272727115
566,2016-02-02,1.1,1.1,1.1,1.1,30000.0,0.0185185185185186
567,2016-02-03,1.08,1.08,1.08,1.08,22000.0,-0.044247787610619316
568,2016-02-04,1.13,1.1,1.13,1.1,18000.0,-0.017391304347826098
569,2016-02-05,1.15,1.13,1.16,1.13,38400.0,0.0
570,2016-02-10,1.15,1.15,1.15,1.15,2100.0,0.00877192982456143
571,2016-02-11,1.14,1.16,1.16,1.14,114600.0,0.01785714285714257
572,2016-02-12,1.12,1.13,1.13,1.11,26100.0,-0.0344827586206895
573,2016-02-15,1.16,1.15,1.17,1.15,33500.0,-0.025210084033613467
574,2016-02-16,1.19,1.18,1.19,1.17,35500.0,0.034782608695652195
575,2016-02-17,1.15,1.18,1.18,1.15,31000.0,-0.04958677685950419
576,2016-02-18,1.21,1.2,1.21,1.2,23000.0,0.0431034482758621
577,2016-02-19,1.16,1.17,1.17,1.16,62000.0,-0.033333333333333326
578,2016-02-22,1.2,1.18,1.21,1.18,56500.0,-0.07692307692307698
579,2016-02-23,1.3,1.33,1.33,1.27,121800.0,0.0
580,2016-02-24,1.3,1.29,1.3,1.29,28500.0,0.048387096774193505
581,2016-02-25,1.24,1.29,1.29,1.24,162000.0,0.0
582,2016-02-26,1.24,1.24,1.24,1.23,136000.0,0.016393442622950838
583,2016-02-29,1.22,1.24,1.24,1.17,65099.99999999999,-0.031746031746031744
584,2016-03-01,1.26,1.22,1.3,1.22,166900.0,0.016129032258064502
585,2016-03-02,1.24,1.24,1.24,1.24,13000.0,-0.04615384615384621
586,2016-03-03,1.3,1.27,1.31,1.27,596900.0,-0.015151515151515138
587,2016-03-04,1.32,1.32,1.39,1.3,994200.0,0.023255813953488413
588,2016-03-07,1.29,1.36,1.36,1.29,439000.0,0.03200000000000003
589,2016-03-08,1.25,1.3,1.3,1.24,164300.0,0.0
590,2016-03-09,1.25,1.23,1.26,1.23,361000.0,0.008064516129032251
591,2016-03-10,1.24,1.25,1.25,1.22,137400.0,-0.008000000000000007
592,2016-03-11,1.25,1.23,1.26,1.22,217300.0,0.024590163934426146
593,2016-03-14,1.22,1.26,1.27,1.22,780300.0,0.033898305084745894
594,2016-03-15,1.18,1.23,1.23,1.18,609500.0,0.008547008547008517
595,2016-03-16,1.17,1.19,1.19,1.17,464900.0,-0.025000000000000022
596,2016-03-17,1.2,1.2,1.22,1.17,745100.0,-0.032258064516129115
597,2016-03-18,1.24,1.22,1.24,1.21,148800.0,-0.015873015873015928
598,2016-03-21,1.26,1.26,1.26,1.23,243800.0,-0.007874015748031482
599,2016-03-22,1.27,1.28,1.29,1.27,477100.0,-0.0078125
600,2016-03-23,1.28,1.27,1.28,1.26,115300.0,0.015873015873015817
601,2016-03-24,1.26,1.27,1.28,1.25,124000.0,-0.015625
602,2016-03-25,1.28,1.26,1.28,1.25,8000.0,-0.007751937984496138
603,2016-03-28,1.29,1.29,1.29,1.27,32700.000000000004,0.0078125
604,2016-03-29,1.28,1.28,1.28,1.27,17000.0,0.02400000000000002
605,2016-03-30,1.25,1.26,1.27,1.25,120000.0,-0.007936507936507908
606,2016-03-31,1.26,1.26,1.26,1.25,32500.0,0.0
607,2016-04-01,1.26,1.25,1.26,1.25,26400.0,0.015310233682514163
608,2016-04-04,1.2409999999999999,1.2409999999999999,1.2409999999999999,1.2209999999999999,121200.0,0.008123476848090894
609,2016-04-05,1.2309999999999999,1.2309999999999999,1.2309999999999999,1.2209999999999999,84500.0,0.0
610,2016-04-06,1.2309999999999999,1.2209999999999999,1.2309999999999999,1.2209999999999999,270600.0,0.0
611,2016-04-07,1.2309999999999999,1.2309999999999999,1.2309999999999999,1.2209999999999999,363400.0,0.008190008190008147
612,2016-04-08,1.2209999999999999,1.2209999999999999,1.2209999999999999,1.2009999999999998,200000.0,0.0
613,2016-04-11,1.2209999999999999,1.2109999999999999,1.2309999999999999,1.2109999999999999,88500.0,-0.016116035455278066
614,2016-04-12,1.2409999999999999,1.2209999999999999,1.2409999999999999,1.2209999999999999,104000.0,-0.015079365079365137
615,2016-04-13,1.26,1.25,1.26,1.25,250100.0,0.0
616,2016-04-14,1.26,1.26,1.27,1.26,170300.0,-0.015625
617,2016-04-15,1.28,1.26,1.29,1.26,205000.0,0.02400000000000002
618,2016-04-18,1.25,1.26,1.26,1.23,275500.0,0.008064516129032251
619,2016-04-19,1.24,1.25,1.25,1.24,43000.0,-0.015873015873015928
620,2016-04-20,1.26,1.26,1.26,1.26,16000.0,-0.052631578947368474
621,2016-04-21,1.33,1.26,1.33,1.26,384500.0,0.023076923076922995
622,2016-04-22,1.3,1.31,1.31,1.3,63000.0,0.007751937984496138
623,2016-04-25,1.29,1.3,1.3,1.28,105700.0,0.015748031496062964
624,2016-04-26,1.27,1.28,1.29,1.27,68700.0,-0.0078125
625,2016-04-27,1.28,1.29,1.29,1.27,67100.0,-0.007751937984496138
626,2016-04-28,1.29,1.28,1.29,1.26,132900.0,-0.007692307692307665
627,2016-04-29,1.3,1.3,1.3,1.28,67000.0,0.007751937984496138
628,2016-05-03,1.29,1.28,1.29,1.26,91400.0,0.0
629,2016-05-04,1.29,1.26,1.29,1.26,35200.0,0.0078125
630,2016-05-05,1.28,1.26,1.28,1.26,33200.0,0.0
631,2016-05-06,1.28,1.26,1.28,1.25,131300.0,0.0
632,2016-05-09,1.28,1.28,1.28,1.28,100.0,0.015873015873015817
633,2016-05-10,1.26,1.26,1.26,1.25,19000.0,0.008000000000000007
634,2016-05-11,1.25,1.25,1.25,1.25,40800.0,-0.015748031496062964
635,2016-05-12,1.27,1.26,1.27,1.26,18000.0,0.007936507936507908
636,2016-05-13,1.26,1.26,1.26,1.25,219900.0,0.0
637,2016-05-16,1.26,1.26,1.26,1.26,60300.0,-0.015625
638,2016-05-17,1.28,1.27,1.28,1.27,131000.0,0.0
639,2016-05-18,1.28,1.27,1.28,1.27,327100.0,0.0
640,2016-05-19,1.28,1.27,1.28,1.27,172600.0,0.0
641,2016-05-20,1.28,1.27,1.28,1.27,19100.0,0.007874015748031482
642,2016-05-23,1.27,1.28,1.28,1.27,26300.0,0.0
643,2016-05-24,1.27,1.27,1.28,1.27,68500.0,0.0
644,2016-05-25,1.27,1.27,1.27,1.27,57700.0,-0.0078125
645,2016-05-26,1.28,1.27,1.28,1.27,7800.0,0.007874015748031482
646,2016-05-27,1.27,1.27,1.27,1.27,50800.0,0.10434782608695659
647,2016-05-30,1.15,1.23,1.23,1.15,276500.0,0.00877192982456143
648,2016-05-31,1.14,1.15,1.16,1.14,42000.0,-0.017241379310344862
649,2016-06-01,1.16,1.15,1.16,1.15,37000.0,-0.025210084033613467
650,2016-06-02,1.19,1.16,1.19,1.16,35000.0,0.008474576271186418
651,2016-06-03,1.18,1.18,1.18,1.18,30500.0,-0.024793388429752095
652,2016-06-07,1.21,1.2,1.21,1.2,56900.0,-0.008196721311475419
653,2016-06-08,1.22,1.22,1.23,1.21,158200.0,-0.02400000000000002
654,2016-06-09,1.25,1.23,1.25,1.23,142000.0,0.016260162601626105
655,2016-06-10,1.23,1.25,1.25,1.23,49000.0,-0.023809523809523836
656,2016-06-13,1.26,1.22,1.26,1.22,18000.0,0.008000000000000007
657,2016-06-14,1.25,1.25,1.25,1.25,100.0,-0.015748031496062964
658,2016-06-15,1.27,1.23,1.27,1.23,7100.0,0.040983606557376984
659,2016-06-16,1.22,1.23,1.23,1.21,46900.0,-0.016129032258064502
660,2016-06-17,1.24,1.18,1.24,1.18,3100.0,-0.008000000000000007
661,2016-06-20,1.25,1.24,1.25,1.23,100000.0,0.008064516129032251
662,2016-06-21,1.24,1.25,1.25,1.24,38500.0,-0.008000000000000007
663,2016-06-23,1.25,1.25,1.25,1.25,100.0,-0.007936507936507908
664,2016-06-24,1.26,1.24,1.26,1.22,302100.0,0.008000000000000007
665,2016-06-27,1.25,1.23,1.25,1.23,6200.0,0.016260162601626105
666,2016-06-28,1.23,1.23,1.23,1.22,12100.0,0.0
667,2016-06-29,1.23,1.22,1.23,1.22,11100.0,0.0
668,2016-06-30,1.23,1.23,1.23,1.22,35000.0,0.0
669,2016-07-01,1.23,1.21,1.23,1.2,13700.0,-0.008064516129032251
670,2016-07-04,1.24,1.19,1.24,1.19,500.0,0.0
671,2016-07-05,1.24,1.2,1.24,1.2,2100.0,0.008130081300812941
672,2016-07-08,1.23,1.23,1.23,1.23,100.0,0.0
673,2016-07-11,1.23,1.18,1.23,1.17,33900.0,0.03361344537815136
674,2016-07-12,1.19,1.19,1.19,1.18,28000.0,-0.0325203252032521
675,2016-07-13,1.23,1.19,1.24,1.19,26700.0,-0.016000000000000014
676,2016-07-14,1.25,1.19,1.25,1.19,25100.0,0.008064516129032251
677,2016-07-15,1.24,1.24,1.24,1.24,100.0,0.008130081300812941
678,2016-07-18,1.23,1.19,1.23,1.19,10100.0,0.0
679,2016-07-19,1.23,1.23,1.23,1.23,100.0,-0.016000000000000014
680,2016-07-20,1.25,1.23,1.25,1.23,276300.0,0.0
681,2016-07-21,1.25,1.23,1.25,1.23,14100.0,0.0
682,2016-07-22,1.25,1.25,1.25,1.25,100.0,0.0
683,2016-07-25,1.25,1.2,1.25,1.2,2300.0,0.008064516129032251
684,2016-07-26,1.24,1.2,1.24,1.2,32100.0,0.008130081300812941
685,2016-07-27,1.23,1.2,1.23,1.2,700.0,0.008196721311475308
686,2016-07-28,1.22,1.22,1.22,1.22,100.0,0.033898305084745894
687,2016-07-29,1.18,1.19,1.2,1.18,25000.0,-0.04065040650406504
688,2016-08-01,1.23,1.23,1.23,1.23,100.0,0.025000000000000133
689,2016-08-02,1.2,1.19,1.2,1.19,5100.0,0.0
690,2016-08-03,1.2,1.19,1.2,1.19,26500.0,0.008403361344537785
691,2016-08-04,1.19,1.19,1.19,1.19,89000.0,0.0
692,2016-08-05,1.19,1.19,1.19,1.18,27800.0,0.008474576271186418
693,2016-08-08,1.18,1.19,1.19,1.17,74700.0,0.0
694,2016-08-09,1.18,1.17,1.18,1.16,40600.0,0.008547008547008517
695,2016-08-10,1.17,1.18,1.18,1.16,67800.0,0.0
696,2016-08-11,1.17,1.17,1.17,1.15,134900.0,0.01739130434782621
697,2016-08-12,1.15,1.17,1.17,1.15,47400.0,-0.008620689655172376
698,2016-08-15,1.16,1.17,1.17,1.15,408300.0,-0.008547008547008517
699,2016-08-16,1.17,1.16,1.17,1.16,206200.0,0.008620689655172376
700,2016-08-17,1.16,1.17,1.17,1.16,85800.0,0.0
701,2016-08-18,1.16,1.15,1.16,1.15,22800.0,0.06422018348623837
702,2016-08-19,1.09,1.15,1.16,1.07,594300.0,-0.00909090909090915
703,2016-08-22,1.1,1.1,1.13,1.1,171800.0,-0.017857142857142905
704,2016-08-23,1.12,1.12,1.12,1.11,71500.0,0.009009009009008917
705,2016-08-24,1.11,1.1,1.11,1.09,72100.0,0.0277777777777779
706,2016-08-25,1.08,1.09,1.09,1.07,76500.0,0.04854368932038833
707,2016-08-26,1.03,1.07,1.07,1.03,561900.0,0.009803921568627416
708,2016-08-29,1.02,1.02,1.02,1.0,232200.0,0.0
709,2016-08-30,1.02,1.02,1.02,1.01,93900.0,0.04081632653061229
710,2016-09-01,0.98,1.01,1.01,0.95,808900.0,0.02617801047120416
711,2016-09-02,0.955,0.98,0.98,0.95,143000.0,0.021390374331550666
712,2016-09-05,0.935,0.95,0.95,0.91,329900.0,-0.01058201058201047
713,2016-09-06,0.945,0.93,0.95,0.93,39500.0,0.010695187165775222
714,2016-09-07,0.935,0.935,0.94,0.935,17700.0,-0.06030150753768837
715,2016-09-08,0.995,0.94,0.995,0.94,171700.0,0.0
716,2016-09-09,0.995,0.995,1.0,0.995,104400.0,0.0
717,2016-09-13,0.995,0.995,0.995,0.995,1000.0,-0.0050000000000000044
718,2016-09-14,1.0,1.0,1.0,1.0,1500.0,0.020408163265306145
719,2016-09-15,0.98,0.99,0.99,0.98,27000.0,0.010309278350515427
720,2016-09-19,0.97,0.98,0.98,0.97,10100.0,0.01041666666666674
721,2016-09-20,0.96,0.97,0.97,0.96,15000.0,0.0
722,2016-09-21,0.96,0.96,0.96,0.96,3000.0,0.0
723,2016-09-22,0.96,0.96,0.96,0.96,12000.0,0.0
724,2016-09-23,0.96,0.955,0.96,0.955,336000.0,0.0
725,2016-09-26,0.96,0.96,0.96,0.95,21500.0,0.0
726,2016-09-27,0.96,0.96,0.96,0.96,41900.0,0.010526315789473717
727,2016-09-28,0.95,0.96,0.96,0.95,28000.0,-0.045226130653266416
728,2016-09-29,0.995,0.96,1.0,0.96,375700.0,-0.02450980392156865
729,2016-09-30,1.02,1.02,1.05,1.02,105500.0,0.025125628140703515
730,2016-10-04,0.995,1.01,1.01,0.995,20200.0,-0.0050000000000000044
731,2016-10-05,1.0,1.0,1.0,1.0,41000.0,-0.00990099009900991
732,2016-10-06,1.01,1.01,1.01,1.01,10000.0,0.0
733,2016-10-07,1.01,1.01,1.01,1.01,4000.0,0.0
734,2016-10-11,1.01,1.01,1.01,1.01,1000.0,0.0
735,2016-10-12,1.01,1.01,1.01,1.01,3200.0,0.0
736,2016-10-13,1.01,1.01,1.01,1.01,16000.0,0.010000000000000009
737,2016-10-14,1.0,1.0,1.0,1.0,4000.0,0.0
738,2016-10-17,1.0,1.0,1.0,1.0,33200.0,-0.00990099009900991
739,2016-10-18,1.01,1.0,1.02,1.0,34400.0,0.0
740,2016-10-19,1.01,1.0,1.01,1.0,78100.0,0.010000000000000009
741,2016-10-20,1.0,1.01,1.01,1.0,14000.0,-0.04761904761904767
742,2016-10-21,1.05,1.0,1.05,1.0,21000.0,0.05527638190954787
743,2016-10-24,0.995,0.995,0.995,0.995,29000.0,0.0
744,2016-10-25,0.995,0.995,1.0,0.995,29900.0,0.005050505050504972
745,2016-10-26,0.99,0.995,0.995,0.99,64200.0,0.0050761421319796
746,2016-10-27,0.985,0.995,1.01,0.985,56500.0,0.005102040816326481
747,2016-10-28,0.98,0.98,0.98,0.98,3500.0,0.02083333333333326
748,2016-11-01,0.96,0.98,0.98,0.96,44500.0,-0.005181347150259086
749,2016-11-02,0.965,0.97,0.97,0.96,7100.0,-0.005154639175257714
750,2016-11-03,0.97,0.97,0.97,0.97,5000.0,0.01041666666666674
751,2016-11-07,0.96,0.965,0.965,0.96,16000.0,0.026737967914438387
752,2016-11-09,0.935,0.955,0.955,0.92,175900.0,-0.04591836734693866
753,2016-11-10,0.98,0.94,0.98,0.94,160500.0,0.010309278350515427
754,2016-11-16,0.97,0.97,0.97,0.97,2000.0,0.043010752688172005
755,2016-11-21,0.93,0.94,0.94,0.93,12000.0,-0.005347593582887722
756,2016-11-23,0.935,0.935,0.935,0.935,11000.0,-0.02604166666666663
757,2016-11-24,0.96,0.96,0.96,0.96,8000.0,-0.020408163265306145
758,2016-11-25,0.98,0.96,0.98,0.96,8500.0,0.0
759,2016-11-28,0.98,0.98,0.98,0.98,2000.0,0.03157894736842115
760,2016-11-29,0.95,0.95,0.95,0.95,2000.0,0.016042780748662944
761,2016-12-01,0.935,0.925,0.95,0.925,162000.0,-0.005319148936170137
762,2016-12-02,0.94,0.945,0.955,0.935,341100.0,0.0
763,2016-12-05,0.94,0.94,0.95,0.94,96000.0,0.0
764,2016-12-06,0.94,0.945,0.945,0.94,80100.0,0.0
765,2016-12-07,0.94,0.935,0.94,0.935,23500.0,0.0
766,2016-12-08,0.94,0.935,0.94,0.935,123500.0,0.0053475935828875
767,2016-12-09,0.935,0.915,0.935,0.915,35000.0,0.0
768,2016-12-13,0.935,0.935,0.935,0.935,111400.0,-0.005319148936170137
769,2016-12-14,0.94,0.935,0.94,0.935,38500.0,0.0053475935828875
770,2016-12-15,0.935,0.94,0.94,0.935,34200.0,0.0
771,2016-12-16,0.935,0.94,0.94,0.935,16600.0,0.005376344086021501
772,2016-12-19,0.93,0.935,0.94,0.93,76400.0,0.0219780219780219
773,2016-12-20,0.91,0.935,0.935,0.91,110500.0,-0.016216216216216273
774,2016-12-21,0.925,0.915,0.925,0.91,48100.0,-0.015957446808510523
775,2016-12-22,0.94,0.94,0.94,0.935,23000.0,0.010752688172043001
776,2016-12-23,0.93,0.93,0.93,0.93,7000.0,-0.03626943005181338
777,2016-12-28,0.965,0.95,0.965,0.95,56400.0,0.015789473684210575
778,2016-12-29,0.95,0.97,0.97,0.95,36700.0,-0.030612244897959218
779,2017-01-04,0.98,0.95,0.985,0.95,119200.0,-0.020000000000000018
780,2017-01-05,1.0,0.99,1.0,0.99,179000.0,-0.03846153846153855
781,2017-01-06,1.04,1.01,1.04,1.01,53000.0,0.019607843137254832
782,2017-01-09,1.02,1.04,1.05,1.02,89500.0,0.020000000000000018
783,2017-01-10,1.0,1.02,1.02,0.995,121000.0,0.015228426395939021
784,2017-01-11,0.985,0.995,0.995,0.98,99200.0,0.01025641025641022
785,2017-01-12,0.975,0.99,0.99,0.97,184100.0,0.0
786,2017-01-13,0.975,0.975,0.98,0.97,98000.0,0.010362694300518172
787,2017-01-16,0.965,0.98,0.98,0.965,68800.0,-0.005154639175257714
788,2017-01-17,0.97,0.97,0.97,0.965,13500.0,0.021052631578947434
789,2017-01-18,0.95,0.96,0.96,0.95,88000.0,0.016042780748662944
790,2017-01-19,0.935,0.95,0.955,0.935,238000.0,0.016304347826086918
791,2017-01-20,0.92,0.94,0.94,0.92,192400.0,-0.010752688172043001
792,2017-01-23,0.93,0.925,0.93,0.925,15000.0,0.016393442622950838
793,2017-01-24,0.915,0.93,0.93,0.915,104500.0,-0.010810810810810811
794,2017-01-25,0.925,0.915,0.925,0.915,31000.0,-0.005376344086021501
795,2017-01-26,0.93,0.92,0.93,0.92,59900.0,0.0
796,2017-01-27,0.93,0.93,0.93,0.915,153100.0,0.016393442622950838
797,2017-01-31,0.915,0.92,0.92,0.915,101700.0,-0.016129032258064502
798,2017-02-02,0.93,0.93,0.935,0.925,111800.0,0.00540540540540535
799,2017-02-03,0.925,0.925,0.93,0.925,32000.0,-0.02631578947368407
800,2017-02-06,0.95,0.93,0.955,0.925,792700.0,0.0
801,2017-02-07,0.95,0.955,0.99,0.95,1350000.0,-0.01041666666666663
802,2017-02-08,0.96,0.955,0.97,0.95,499800.0,-0.025380710659898553
803,2017-02-10,0.985,0.965,1.03,0.965,1250000.0,-0.015000000000000013
804,2017-02-13,1.0,0.99,1.01,0.99,800200.0,-0.00990099009900991
805,2017-02-14,1.01,0.995,1.01,0.995,300000.0,0.02020202020202011
806,2017-02-15,0.99,1.01,1.01,0.985,263100.0,0.0
807,2017-02-16,0.99,0.99,0.995,0.99,45200.0,-0.04807692307692313
808,2017-02-17,1.04,0.995,1.04,0.995,414700.0,0.019607843137254832
809,2017-02-20,1.02,1.04,1.04,1.02,117000.0,0.0
810,2017-02-21,1.02,1.02,1.04,1.02,343300.0,0.0
811,2017-02-22,1.02,1.03,1.03,1.02,167900.0,0.00990099009900991
812,2017-02-23,1.01,1.02,1.03,1.01,167400.0,0.03589743589743599
813,2017-02-24,0.975,0.98,0.98,0.95,307600.0,-0.015151515151515138
814,2017-02-27,0.99,0.98,1.01,0.98,176500.0,-0.005025125628140725
815,2017-02-28,0.995,0.995,0.995,0.995,2200.0,-0.05238095238095242
816,2017-03-01,1.05,0.995,1.05,0.995,374700.0,-0.01869158878504673
817,2017-03-02,1.07,1.06,1.08,1.05,356100.0,0.028846153846153966
818,2017-03-03,1.04,1.06,1.06,1.04,172500.0,-0.00952380952380949
819,2017-03-06,1.05,1.04,1.06,1.04,221100.0,-0.045454545454545525
820,2017-03-07,1.1,1.05,1.1,1.05,677300.0,-0.009009009009009028
821,2017-03-08,1.11,1.12,1.12,1.09,501000.0,0.009090909090909038
822,2017-03-09,1.1,1.1,1.1,1.08,223600.0,0.00917431192660545
823,2017-03-10,1.09,1.09,1.09,1.08,137800.0,0.0
824,2017-03-13,1.09,1.08,1.09,1.08,127700.0,0.0092592592592593
825,2017-03-14,1.08,1.08,1.08,1.07,19000.0,0.0
826,2017-03-15,1.08,1.07,1.09,1.07,95900.0,-0.00917431192660556
827,2017-03-16,1.09,1.09,1.09,1.08,156200.0,0.0
828,2017-03-17,1.09,1.08,1.09,1.08,47700.0,0.0
829,2017-03-20,1.09,1.08,1.09,1.08,76100.0,0.0
830,2017-03-21,1.09,1.09,1.09,1.07,64900.00000000001,0.0092592592592593
831,2017-03-22,1.08,1.08,1.08,1.06,148600.0,0.009345794392523477
832,2017-03-23,1.07,1.07,1.07,1.06,68500.0,0.0
833,2017-03-24,1.07,1.07,1.07,1.07,9000.0,-0.01834862385321101
834,2017-03-28,1.09,1.06,1.09,1.06,116300.0,0.0
835,2017-03-29,1.09,1.09,1.09,1.07,135500.0,0.0092592592592593
836,2017-03-30,1.08,1.07,1.08,1.07,25100.0,0.0
837,2017-03-31,1.08,1.08,1.08,1.08,119300.0,-0.00917431192660556
838,2017-04-03,1.09,1.07,1.09,1.07,32600.0,0.0
839,2017-04-04,1.09,1.08,1.09,1.08,892700.0,-0.03539823008849541
840,2017-04-05,1.13,1.1,1.14,1.1,553400.0,-0.03418803418803418
841,2017-04-06,1.17,1.12,1.18,1.12,181600.0,-0.03305785123966942
842,2017-04-07,1.21,1.16,1.21,1.16,331000.0,-0.016260162601625994
843,2017-04-10,1.23,1.21,1.24,1.21,121700.0,0.0
844,2017-04-11,1.23,1.24,1.27,1.23,534000.0,-0.016000000000000014
845,2017-04-12,1.25,1.22,1.26,1.22,273600.0,0.0
846,2017-04-13,1.25,1.25,1.26,1.22,370600.0,0.008064516129032251
847,2017-04-14,1.24,1.23,1.24,1.22,140100.0,0.008130081300812941
848,2017-04-17,1.23,1.23,1.23,1.22,80200.0,0.016528925619834656
849,2017-04-18,1.21,1.22,1.22,1.19,146700.0,0.008333333333333304
850,2017-04-19,1.2,1.2,1.24,1.2,349600.0,-0.016393442622950838
851,2017-04-20,1.22,1.2,1.22,1.2,81700.0,-0.02400000000000002
852,2017-04-21,1.25,1.22,1.25,1.2,2029999.9999999998,0.0
853,2017-04-25,1.25,1.23,1.25,1.23,93000.0,0.016260162601626105
854,2017-04-26,1.23,1.23,1.25,1.22,298000.0,0.0
855,2017-04-27,1.23,1.23,1.23,1.22,86000.0,0.008196721311475308
856,2017-04-28,1.22,1.22,1.22,1.2,411600.0,0.008264462809917328
857,2017-05-02,1.21,1.21,1.21,1.21,43100.0,-0.008196721311475419
858,2017-05-03,1.22,1.21,1.22,1.2,122100.0,0.033898305084745894
859,2017-05-04,1.18,1.2,1.2,1.18,73700.0,0.01724137931034475
860,2017-05-05,1.16,1.18,1.18,1.15,77000.0,-0.008547008547008517
861,2017-05-08,1.17,1.14,1.2,1.14,177500.0,-0.01680672268907568
862,2017-05-09,1.19,1.18,1.19,1.18,42000.0,0.0
863,2017-05-11,1.19,1.18,1.19,1.18,36100.0,0.008474576271186418
864,2017-05-12,1.18,1.19,1.19,1.17,45300.0,0.0
865,2017-05-15,1.18,1.17,1.18,1.13,282500.0,0.0
866,2017-05-16,1.18,1.18,1.2,1.16,110300.0,-0.048387096774193616
867,2017-05-17,1.24,1.19,1.24,1.19,519400.0,0.04201680672268915
868,2017-05-18,1.19,1.2,1.21,1.19,49500.0,0.0
869,2017-05-19,1.19,1.19,1.2,1.19,76000.0,0.0
870,2017-05-22,1.19,1.2,1.21,1.17,260500.0,-0.024590163934426257
871,2017-05-23,1.22,1.19,1.23,1.17,364000.0,0.033898305084745894
872,2017-05-24,1.18,1.19,1.19,1.17,133800.0,-0.01666666666666672
873,2017-05-25,1.2,1.18,1.2,1.18,35000.0,0.008403361344537785
874,2017-05-26,1.19,1.18,1.19,1.18,19000.0,0.008474576271186418
875,2017-05-29,1.18,1.17,1.18,1.17,13000.0,0.008547008547008517
876,2017-05-30,1.17,1.17,1.17,1.17,22000.0,-0.008474576271186418
877,2017-05-31,1.18,1.17,1.18,1.17,14400.0,-0.008403361344537785
878,2017-06-01,1.19,1.16,1.19,1.15,90700.0,-0.008333333333333304
879,2017-06-02,1.2,1.19,1.2,1.19,71100.0,0.025641025641025772
880,2017-06-05,1.17,1.2,1.2,1.17,44000.0,0.008620689655172376
881,2017-06-06,1.16,1.16,1.16,1.16,55000.0,0.0
882,2017-06-07,1.16,1.16,1.16,1.16,15000.0,0.0
883,2017-06-08,1.16,1.16,1.16,1.16,287300.0,-0.008547008547008517
884,2017-06-09,1.17,1.16,1.17,1.16,67000.0,0.008620689655172376
885,2017-06-13,1.16,1.16,1.16,1.16,13000.0,-0.016949152542372947
886,2017-06-15,1.18,1.16,1.18,1.16,80100.0,-0.008403361344537785
887,2017-06-16,1.19,1.18,1.19,1.18,27300.0,0.017094017094017033
888,2017-06-19,1.17,1.18,1.18,1.17,101000.0,0.0
889,2017-06-20,1.17,1.17,1.17,1.17,15000.0,0.0
890,2017-06-21,1.17,1.17,1.17,1.14,129000.0,0.01739130434782621
891,2017-06-22,1.15,1.17,1.17,1.15,66000.0,0.017699115044247815
892,2017-06-23,1.13,1.15,1.15,1.13,41000.0,0.0
893,2017-06-29,1.13,1.13,1.13,1.12,40000.0,0.0
894,2017-06-30,1.13,1.13,1.13,1.13,10700.0,0.0
895,2017-07-03,1.13,1.13,1.13,1.12,26000.0,0.0
896,2017-07-04,1.13,1.13,1.13,1.13,42000.0,0.0
897,2017-07-05,1.13,1.13,1.15,1.13,8000.0,-0.025862068965517238
898,2017-07-06,1.16,1.13,1.16,1.13,21300.0,0.026548672566371723
899,2017-07-07,1.13,1.13,1.13,1.13,9200.0,-0.017391304347826098
900,2017-07-10,1.15,1.13,1.15,1.13,12000.0,-0.017094017094017144
901,2017-07-13,1.17,1.16,1.17,1.15,54100.0,-0.008474576271186418
902,2017-07-14,1.18,1.18,1.18,1.18,2000.0,0.026086956521739202
903,2017-07-17,1.15,1.15,1.15,1.15,10000.0,0.00877192982456143
904,2017-07-19,1.14,1.15,1.15,1.1,120500.0,0.01785714285714257
905,2017-07-20,1.12,1.13,1.13,1.12,6400.0,0.0
906,2017-07-21,1.12,1.12,1.12,1.12,6000.0,0.05660377358490565
907,2017-07-24,1.06,1.12,1.12,1.06,208500.0,0.04950495049504955
908,2017-07-25,1.01,1.06,1.06,1.01,114000.0,-0.05607476635514019
909,2017-07-26,1.07,1.01,1.07,0.995,1100000.0,0.028846153846153966
910,2017-07-27,1.04,1.07,1.07,1.04,18000.0,0.0
911,2017-07-28,1.04,1.04,1.04,1.04,5000.0,-0.018867924528301883
912,2017-07-31,1.06,1.04,1.06,1.03,36000.0,0.00952380952380949
913,2017-08-02,1.05,1.05,1.05,1.05,6000.0,0.009615384615384581
914,2017-08-03,1.04,1.04,1.04,1.04,3200.0,0.009708737864077666
915,2017-08-09,1.03,1.04,1.04,1.03,15000.0,0.0
916,2017-08-10,1.03,1.03,1.03,1.03,15000.0,0.0
917,2017-08-11,1.03,1.03,1.03,1.03,42000.0,0.01980198019801982
918,2017-08-15,1.01,1.02,1.02,1.01,53000.0,0.010000000000000009
919,2017-08-16,1.0,1.01,1.01,1.0,10000.0,0.0
920,2017-08-17,1.0,1.0,1.0,1.0,90400.0,0.005025125628140614
921,2017-08-18,0.995,1.0,1.0,0.995,54000.0,0.010152284263959421
922,2017-08-21,0.985,0.99,0.99,0.985,84100.0,0.01025641025641022
923,2017-08-23,0.975,0.98,0.98,0.975,30000.0,0.04278074866310155
924,2017-08-24,0.935,0.96,0.96,0.91,186600.0,-0.02604166666666663
925,2017-08-25,0.96,0.94,0.965,0.94,121800.0,-0.015384615384615441
926,2017-08-28,0.975,0.985,0.99,0.975,259000.0,-0.005102040816326481
927,2017-08-29,0.98,0.98,0.99,0.98,227000.0,-0.010101010101010055
928,2017-08-30,0.99,0.98,0.99,0.98,110000.0,0.01538461538461533
929,2017-09-05,0.975,0.975,0.975,0.975,6000.0,0.0
930,2017-09-06,0.975,0.98,0.98,0.975,57000.0,-0.02010050251256279
931,2017-09-07,0.995,0.995,0.995,0.995,80000.0,0.015306122448979664
932,2017-09-08,0.98,0.975,0.99,0.97,98700.0,-0.010101010101010055
933,2017-09-11,0.99,0.99,0.99,0.99,12000.0,0.0
934,2017-09-12,0.99,0.99,0.99,0.985,9400.0,0.010204081632652962
935,2017-09-13,0.98,0.99,0.99,0.98,3200.0,-0.010101010101010055
936,2017-09-14,0.99,0.99,0.99,0.98,105000.0,0.0050761421319796
937,2017-09-15,0.985,0.99,0.99,0.985,82000.0,0.01025641025641022
938,2017-09-18,0.975,0.975,0.99,0.975,557800.0,0.005154639175257714
939,2017-09-19,0.97,0.985,0.985,0.97,283400.0,-0.08490566037735858
940,2017-09-20,1.06,0.975,1.06,0.97,1080000.0,0.00952380952380949
941,2017-09-21,1.05,1.1,1.11,1.01,1560000.0,0.009615384615384581
942,2017-09-25,1.04,1.09,1.09,1.04,242500.0,-0.07964601769911495
943,2017-09-26,1.13,1.04,1.14,1.04,591000.0,0.0366972477064218
944,2017-09-27,1.09,1.13,1.13,1.09,106500.0,0.028301886792452935
945,2017-09-28,1.06,1.09,1.11,1.06,194600.0,0.0
946,2017-09-29,1.06,1.06,1.06,1.06,14000.0,0.0
947,2017-10-02,1.06,1.06,1.06,1.06,10200.0,0.019230769230769162
948,2017-10-03,1.04,1.06,1.06,1.03,69000.0,0.019607843137254832
949,2017-10-04,1.02,1.02,1.02,1.02,19400.0,-0.019230769230769273
950,2017-10-06,1.04,1.04,1.04,1.04,13000.0,0.009708737864077666
951,2017-10-09,1.03,1.03,1.03,1.03,12000.0,0.0
952,2017-10-10,1.03,1.03,1.03,1.03,10000.0,0.009803921568627416
953,2017-10-12,1.02,1.03,1.03,1.02,34100.0,0.0
954,2017-10-13,1.02,1.01,1.03,1.01,69000.0,-0.019230769230769273
955,2017-10-16,1.04,1.03,1.04,1.03,229900.0,0.009708737864077666
956,2017-10-17,1.03,1.03,1.03,1.03,130100.0,0.009803921568627416
957,2017-10-19,1.02,1.02,1.02,1.02,1000.0,-0.037735849056603765
958,2017-10-23,1.06,1.06,1.06,1.06,100.0,0.03921568627450989
959,2017-10-24,1.02,1.02,1.02,1.02,100.0,0.0
960,2017-10-25,1.02,1.02,1.02,1.02,10000.0,0.0
961,2017-10-26,1.02,1.02,1.02,1.02,23200.0,0.0
962,2017-10-27,1.02,1.02,1.02,1.02,16800.0,-0.02857142857142858
963,2017-10-30,1.05,1.05,1.05,1.05,23300.0,0.0
964,2017-10-31,1.05,1.03,1.05,1.03,75900.0,-0.01869158878504673
965,2017-11-01,1.07,1.06,1.07,1.06,30500.0,0.028846153846153966
966,2017-11-03,1.04,1.04,1.05,1.04,37100.0,-0.00952380952380949
967,2017-11-06,1.05,1.05,1.05,1.05,80700.0,0.0
968,2017-11-07,1.05,1.05,1.05,1.05,90000.0,0.009615384615384581
969,2017-11-08,1.04,1.05,1.05,1.03,267300.0,0.0
970,2017-11-09,1.04,1.04,1.06,1.03,652500.0,0.040000000000000036
971,2017-11-10,1.0,1.03,1.03,0.99,532500.0,0.0
972,2017-11-13,1.0,1.0,1.01,1.0,229000.0,0.020408163265306145
973,2017-11-14,0.98,1.0,1.0,0.98,74600.0,0.06521739130434767
974,2017-11-15,0.92,0.995,0.995,0.9,1140000.0,0.01098901098901095
975,2017-11-16,0.91,0.925,0.925,0.91,236600.0,0.03409090909090917
976,2017-11-17,0.88,0.9,0.91,0.87,797500.0,0.06666666666666665
977,2017-11-20,0.825,0.87,0.87,0.805,718700.0,0.031249999999999778
978,2017-11-21,0.8,0.82,0.82,0.74,913900.0,0.0
979,2017-11-22,0.8,0.795,0.8,0.795,89000.0,0.0
980,2017-11-23,0.8,0.8,0.8,0.795,351800.0,0.0
981,2017-11-24,0.8,0.795,0.8,0.78,201800.0,0.012658227848101333
982,2017-11-27,0.79,0.8,0.805,0.79,106800.0,0.0
983,2017-11-28,0.79,0.79,0.79,0.785,170900.0,0.0
984,2017-11-29,0.79,0.795,0.795,0.79,143600.0,-0.03658536585365846
985,2017-11-30,0.82,0.79,0.83,0.79,344200.0,0.012345679012345512
986,2017-12-04,0.81,0.815,0.825,0.81,150400.0,0.012499999999999956
987,2017-12-05,0.8,0.82,0.82,0.8,133700.0,-0.024390243902438935
988,2017-12-06,0.82,0.81,0.82,0.8,81000.0,0.02499999999999991
989,2017-12-07,0.8,0.82,0.82,0.8,122800.0,-0.036144578313252906
990,2017-12-08,0.83,0.815,0.83,0.8,118000.0,-0.02352941176470591
991,2017-12-11,0.85,0.83,0.895,0.83,68500.0,0.017964071856287456
992,2017-12-12,0.835,0.835,0.86,0.835,21500.0,-0.005952380952380931
993,2017-12-13,0.84,0.835,0.85,0.825,57100.0,-0.0117647058823529
994,2017-12-14,0.85,0.845,0.85,0.845,133700.0,0.0
995,2017-12-15,0.85,0.845,0.85,0.845,27300.0,0.00591715976331364
996,2017-12-18,0.845,0.845,0.845,0.845,51100.0,0.036809815950920255
997,2017-12-19,0.815,0.84,0.84,0.815,37100.0,-0.01807228915662651
998,2017-12-20,0.83,0.815,0.83,0.815,63500.0,0.012195121951219523
999,2017-12-21,0.82,0.815,0.82,0.815,36000.0,-0.017964071856287456
1000,2017-12-22,0.835,0.83,0.835,0.83,5000.0,0.006024096385542244
1001,2017-12-27,0.83,0.835,0.835,0.83,61100.0,0.0
1002,2017-12-28,0.83,0.835,0.835,0.82,14100.0,0.0060606060606061
1003,2017-12-29,0.825,0.83,0.83,0.82,22100.0,0.01851851851851838
1004,2018-01-02,0.81,0.815,0.82,0.81,88000.0,0.0
1005,2018-01-03,0.81,0.81,0.815,0.81,133700.0,-0.03571428571428559
1006,2018-01-04,0.84,0.825,0.85,0.825,95000.0,-0.07182320441988954
1007,2018-01-05,0.905,0.855,0.97,0.855,177900.0,-0.021621621621621623
1008,2018-01-08,0.925,0.93,0.95,0.925,429000.0,0.005434782608695565
1009,2018-01-09,0.92,0.935,0.935,0.915,184200.0,0.0
1010,2018-01-10,0.92,0.95,0.95,0.9,123300.0,0.0
1011,2018-01-11,0.92,0.92,0.92,0.92,55000.0,-0.02127659574468077
1012,2018-01-12,0.94,0.92,0.94,0.9,50500.0,0.03296703296703285
1013,2018-01-15,0.91,0.92,0.93,0.91,284800.0,0.005524861878453136
1014,2018-01-16,0.905,0.905,0.91,0.905,97800.0,0.0
1015,2018-01-17,0.905,0.905,0.905,0.9,114400.0,0.011173184357541999
1016,2018-01-18,0.895,0.905,0.905,0.895,76000.0,0.028735632183908066
1017,2018-01-19,0.87,0.9,0.9,0.87,232400.0,0.041916167664670656
1018,2018-01-22,0.835,0.86,0.86,0.835,37000.0,0.030864197530864113
1019,2018-01-23,0.81,0.835,0.835,0.805,199600.0,-0.041420118343195145
1020,2018-01-24,0.845,0.835,0.845,0.815,42000.0,0.005952380952380931
1021,2018-01-25,0.84,0.845,0.85,0.84,113500.0,0.024390243902439046
1022,2018-01-29,0.82,0.815,0.82,0.8,61800.0,0.02499999999999991
1023,2018-01-30,0.8,0.81,0.81,0.8,104200.0,0.0
1024,2018-02-02,0.8,0.82,0.82,0.8,93300.0,0.012658227848101333
1025,2018-02-05,0.79,0.8,0.81,0.79,93000.0,0.019354838709677358
1026,2018-02-06,0.775,0.77,0.775,0.75,51600.0,0.0
1027,2018-02-07,0.775,0.795,0.795,0.775,62900.0,0.03333333333333344
1028,2018-02-08,0.75,0.77,0.77,0.75,99900.0,0.013513513513513598
1029,2018-02-09,0.74,0.745,0.745,0.74,30500.0,0.0
1030,2018-02-12,0.74,0.74,0.745,0.74,20100.0,0.0
1031,2018-02-13,0.74,0.74,0.74,0.74,61900.0,0.0
1032,2018-02-14,0.74,0.735,0.74,0.735,96500.0,0.0
1033,2018-02-15,0.74,0.74,0.74,0.74,35000.0,-0.013333333333333308
1034,2018-02-19,0.75,0.74,0.795,0.74,129900.0,0.013513513513513598
1035,2018-02-20,0.74,0.75,0.75,0.74,100000.0,0.013698630136986356
1036,2018-02-21,0.73,0.735,0.74,0.73,57000.0,0.006896551724137945
1037,2018-02-22,0.725,0.73,0.73,0.725,70000.0,-0.020270270270270285
1038,2018-02-23,0.74,0.735,0.74,0.73,95100.0,-0.02631578947368418
1039,2018-02-26,0.76,0.74,0.785,0.74,303500.0,0.0
1040,2018-02-27,0.76,0.78,0.78,0.76,212000.0,0.0
1041,2018-02-28,0.76,0.76,0.765,0.76,365900.0,0.048275862068965614
1042,2018-03-01,0.725,0.755,0.755,0.725,27800.0,0.0
1043,2018-03-02,0.725,0.72,0.73,0.72,110400.0,0.021126760563380254
1044,2018-03-05,0.71,0.725,0.725,0.71,91700.0,-0.01388888888888895
1045,2018-03-06,0.72,0.72,0.725,0.71,144600.0,0.006993006993007089
1046,2018-03-07,0.715,0.71,0.715,0.71,23100.0,0.021428571428571352
1047,2018-03-08,0.7,0.705,0.705,0.7,104500.0,0.02941176470588225
1048,2018-03-12,0.68,0.69,0.69,0.67,103200.0,-0.02857142857142847
1049,2018-03-13,0.7,0.66,0.7,0.66,13900.0,0.0
1050,2018-03-14,0.7,0.67,0.7,0.67,20200.0,0.0
1051,2018-03-15,0.7,0.7,0.7,0.7,3000.0,0.01449275362318847
1052,2018-03-21,0.69,0.69,0.69,0.69,12000.0,0.014705882352941124
1053,2018-03-22,0.68,0.68,0.68,0.68,10000.0,0.014925373134328401
1054,2018-03-23,0.67,0.675,0.675,0.67,10800.0,-0.042857142857142705
1055,2018-03-26,0.7,0.66,0.7,0.66,11500.0,0.06870229007633566
1056,2018-03-27,0.655,0.67,0.68,0.655,73500.0,0.07377049180327866
1057,2018-03-29,0.61,0.625,0.63,0.61,171400.0,-0.016129032258064502
1058,2018-03-30,0.62,0.605,0.62,0.605,12000.0,0.04201680672268915
1059,2018-04-02,0.595,0.615,0.615,0.595,41800.0,-0.008333333333333304
1060,2018-04-03,0.6,0.585,0.6,0.585,42000.0,0.025641025641025772
1061,2018-04-04,0.585,0.585,0.59,0.585,33000.0,-0.025000000000000022
1062,2018-04-05,0.6,0.58,0.6,0.58,35000.0,0.008403361344537785
1063,2018-04-09,0.595,0.595,0.595,0.595,10000.0,-0.040322580645161366
1064,2018-04-10,0.62,0.6,0.62,0.6,61200.0,0.024793388429751984
1065,2018-04-11,0.605,0.62,0.625,0.6,263300.0,-0.008196721311475419
1066,2018-04-12,0.61,0.61,0.64,0.61,221600.0,-0.031746031746031744
1067,2018-04-13,0.63,0.615,0.645,0.615,195900.0,-0.015625
1068,2018-04-16,0.64,0.64,0.64,0.635,95300.0,0.007874015748031482
1069,2018-04-17,0.635,0.64,0.645,0.63,89000.0,-0.037878787878787956
1070,2018-04-19,0.66,0.635,0.66,0.63,101200.0,0.0
1071,2018-04-20,0.66,0.66,0.66,0.66,1000.0,0.04761904761904767
1072,2018-04-23,0.63,0.65,0.65,0.63,40800.0,0.0
1073,2018-04-24,0.63,0.63,0.635,0.63,36300.0,0.016129032258064502
1074,2018-04-25,0.62,0.625,0.625,0.62,46400.0,0.024793388429751984
1075,2018-04-27,0.605,0.62,0.62,0.605,91100.0,0.008333333333333304
1076,2018-04-30,0.6,0.605,0.605,0.6,10000.0,-0.040000000000000036
1077,2018-05-02,0.625,0.615,0.63,0.605,37600.0,0.008064516129032251
1078,2018-05-03,0.62,0.62,0.62,0.62,2000.0,0.016393442622950838
1079,2018-05-07,0.61,0.61,0.61,0.61,3000.0,-0.02400000000000002
1080,2018-05-08,0.625,0.62,0.63,0.62,20300.0,0.2755102040816326
1081,2018-05-14,0.49,0.625,0.625,0.49,392700.0,0.11363636363636354
1082,2018-05-15,0.44,0.48,0.49,0.4,396200.0,0.04761904761904767
1083,2018-05-16,0.42,0.44,0.44,0.42,149300.0,0.18309859154929575
1084,2018-05-17,0.355,0.42,0.42,0.35,621700.0,0.014285714285714235
1085,2018-05-18,0.35,0.355,0.36,0.34,302000.0,-0.014084507042253502
1086,2018-05-21,0.355,0.34,0.38,0.33,173500.0,-0.01388888888888895
1087,2018-05-22,0.36,0.35,0.36,0.35,163000.0,-0.052631578947368474
1088,2018-05-23,0.38,0.36,0.38,0.355,271400.0,0.15151515151515138
1089,2018-05-24,0.33,0.39,0.395,0.33,612800.0,-0.02941176470588236
1090,2018-05-25,0.34,0.37,0.37,0.33,1190000.0,0.0
1091,2018-05-28,0.34,0.37,0.37,0.34,718400.0,0.0625
1092,2018-05-30,0.32,0.345,0.345,0.315,357400.0,0.015873015873015817
1093,2018-05-31,0.315,0.315,0.315,0.315,247600.0,-0.03076923076923077
1094,2018-06-01,0.325,0.315,0.325,0.315,45900.0,-0.044117647058823595
1095,2018-06-04,0.34,0.325,0.34,0.325,72100.0,-0.014492753623188248
1096,2018-06-05,0.345,0.335,0.35,0.335,102100.0,-0.08000000000000007
1097,2018-06-06,0.375,0.365,0.42,0.365,280100.0,0.013513513513513598
1098,2018-06-07,0.37,0.38,0.39,0.36,414100.0,-0.013333333333333308
1099,2018-06-08,0.375,0.375,0.38,0.37,137000.0,0.027397260273972712
1100,2018-06-11,0.365,0.375,0.38,0.365,60000.0,-0.03947368421052633
1101,2018-06-12,0.38,0.385,0.39,0.38,178000.0,0.07042253521126773
1102,2018-06-13,0.355,0.38,0.38,0.35,146000.0,-0.07792207792207795
1103,2018-06-14,0.385,0.385,0.385,0.375,171200.0,-0.09411764705882353
1104,2018-06-18,0.425,0.385,0.425,0.385,369100.0,0.024096385542168752
1105,2018-06-19,0.415,0.425,0.435,0.405,433900.0,-0.12631578947368416
1106,2018-06-20,0.475,0.415,0.475,0.415,361300.0,0.10465116279069764
1107,2018-06-21,0.43,0.45,0.48,0.43,167000.0,-0.05494505494505497
1108,2018-06-22,0.455,0.43,0.455,0.43,113800.0,0.0
1109,2018-06-25,0.455,0.47,0.48,0.455,183000.0,-0.010869565217391353
1110,2018-06-26,0.46,0.445,0.46,0.445,27000.0,0.01098901098901095
1111,2018-06-27,0.455,0.46,0.46,0.435,138600.0,0.04597701149425282
1112,2018-06-28,0.435,0.45,0.45,0.435,132600.0,-0.011363636363636354
1113,2018-06-29,0.44,0.465,0.465,0.43,53700.0,-0.011235955056179803
1114,2018-07-02,0.445,0.44,0.445,0.44,62100.0,-0.07291666666666663
1115,2018-07-03,0.48,0.445,0.49,0.445,308500.0,-0.040000000000000036
1116,2018-07-04,0.5,0.48,0.5,0.48,98500.0,-0.05660377358490576
1117,2018-07-05,0.53,0.505,0.555,0.505,864500.0,-0.01851851851851849
1118,2018-07-06,0.54,0.54,0.56,0.54,291500.0,0.03846153846153855
1119,2018-07-09,0.52,0.54,0.54,0.51,190500.0,0.0
1120,2018-07-10,0.52,0.53,0.53,0.51,171400.0,0.0
1121,2018-07-11,0.52,0.52,0.52,0.515,103600.0,-0.018867924528301883
1122,2018-07-12,0.53,0.53,0.535,0.53,56000.0,-0.01851851851851849
1123,2018-07-13,0.54,0.525,0.54,0.52,198400.0,0.028571428571428692
1124,2018-07-16,0.525,0.54,0.54,0.525,152000.0,0.0
1125,2018-07-17,0.525,0.52,0.525,0.52,432500.0,-0.02777777777777779
1126,2018-07-18,0.54,0.525,0.545,0.525,330900.0,-0.05263157894736825
1127,2018-07-19,0.57,0.54,0.575,0.525,287900.0,0.008849557522123908
1128,2018-07-20,0.565,0.57,0.57,0.56,122000.0,0.0
1129,2018-07-24,0.565,0.555,0.565,0.555,40400.0,-0.017391304347826098
1130,2018-07-25,0.575,0.565,0.575,0.565,65000.0,-0.04166666666666674
1131,2018-07-26,0.6,0.575,0.605,0.575,151600.0,0.04347826086956519
1132,2018-07-27,0.575,0.595,0.595,0.575,30000.0,-0.008620689655172376
1133,2018-07-31,0.58,0.575,0.58,0.55,333100.0,-0.049180327868852514
1134,2018-08-01,0.61,0.585,0.615,0.585,258899.99999999997,0.0
1135,2018-08-02,0.61,0.62,0.625,0.605,70200.0,0.0
1136,2018-08-03,0.61,0.625,0.63,0.61,239600.0,-0.016129032258064502
1137,2018-08-06,0.62,0.62,0.63,0.61,76900.0,-0.03125
1138,2018-08-07,0.64,0.62,0.64,0.62,112600.0,-0.007751937984496138
1139,2018-08-08,0.645,0.645,0.65,0.625,331000.0,0.015748031496062964
1140,2018-08-09,0.635,0.64,0.64,0.635,28800.0,0.03252032520325199
1141,2018-08-10,0.615,0.63,0.63,0.605,205000.0,0.008196721311475308
1142,2018-08-13,0.61,0.605,0.625,0.6,228900.0,0.016666666666666607
1143,2018-08-14,0.6,0.605,0.61,0.595,312600.0,0.008403361344537785
1144,2018-08-15,0.595,0.6,0.6,0.59,261600.00000000003,0.0
1145,2018-08-16,0.595,0.59,0.6,0.59,201100.0,0.0
1146,2018-08-17,0.595,0.595,0.595,0.59,95000.0,0.0
1147,2018-08-20,0.595,0.59,0.62,0.58,904500.0,-0.016528925619834767
1148,2018-08-21,0.605,0.595,0.615,0.595,169000.0,-0.008196721311475419
1149,2018-08-23,0.61,0.61,0.61,0.605,73000.0,0.025210084033613578
1150,2018-08-24,0.595,0.61,0.61,0.595,261300.0,-0.008333333333333304
1151,2018-08-27,0.6,0.6,0.61,0.595,123200.0,0.008403361344537785
1152,2018-08-28,0.595,0.595,0.6,0.59,148000.0,0.008474576271186418
1153,2018-08-29,0.59,0.6,0.6,0.59,32100.0,0.01724137931034475
1154,2018-08-30,0.58,0.59,0.59,0.58,66100.0,0.1153846153846152
1155,2018-09-03,0.52,0.55,0.55,0.505,293800.0,0.009708737864077666
1156,2018-09-04,0.515,0.52,0.52,0.51,197700.0,-0.009615384615384581
1157,2018-09-05,0.52,0.595,0.595,0.52,126100.0,0.009708737864077666
1158,2018-09-06,0.515,0.5,0.515,0.5,23000.0,0.01980198019801982
1159,2018-09-07,0.505,0.5,0.515,0.5,125200.0,0.0
1160,2018-09-12,0.505,0.5,0.505,0.5,50000.0,0.0
1161,2018-09-13,0.505,0.5,0.505,0.5,93400.0,-0.028846153846153855
1162,2018-09-14,0.52,0.505,0.52,0.5,35000.0,0.040000000000000036
1163,2018-09-18,0.5,0.52,0.52,0.5,61000.0,-0.03846153846153855
1164,2018-09-19,0.52,0.52,0.52,0.52,15000.0,0.0
1165,2018-09-20,0.52,0.52,0.52,0.52,44000.0,0.0
1166,2018-09-21,0.52,0.52,0.52,0.515,45000.0,-0.00952380952380949
1167,2018-09-24,0.525,0.53,0.53,0.52,86000.0,-0.02777777777777779
1168,2018-09-25,0.54,0.525,0.545,0.525,295700.0,-0.0357142857142857
1169,2018-09-26,0.56,0.545,0.56,0.545,194400.0,-0.01754385964912264
1170,2018-09-27,0.57,0.57,0.575,0.56,90300.0,0.05555555555555536
1171,2018-09-28,0.54,0.54,0.55,0.54,96000.0,-0.05263157894736825
1172,2018-10-01,0.57,0.555,0.58,0.555,133200.0,-0.050000000000000044
1173,2018-10-02,0.6,0.595,0.62,0.585,725800.0,-0.016393442622950838
1174,2018-10-03,0.61,0.6,0.62,0.6,63000.0,0.016666666666666607
1175,2018-10-04,0.6,0.61,0.61,0.6,58800.0,0.008403361344537785
1176,2018-10-05,0.595,0.59,0.595,0.59,35500.0,0.043859649122807154
1177,2018-10-08,0.57,0.58,0.58,0.565,147400.0,-0.017241379310344862
1178,2018-10-09,0.58,0.59,0.59,0.575,34500.0,0.026548672566371723
1179,2018-10-10,0.565,0.57,0.58,0.545,262100.00000000003,0.05607476635513997
1180,2018-10-11,0.535,0.53,0.535,0.525,47000.0,-0.03603603603603611
1181,2018-10-12,0.555,0.535,0.56,0.535,51000.0,-0.008928571428571397
1182,2018-10-15,0.56,0.57,0.57,0.56,85000.0,0.0
1183,2018-10-16,0.56,0.565,0.57,0.56,100400.0,0.0
1184,2018-10-17,0.56,0.54,0.56,0.54,206500.0,0.0
1185,2018-10-18,0.56,0.56,0.56,0.555,101000.0,0.0
1186,2018-10-19,0.56,0.57,0.57,0.555,140400.0,-0.01754385964912264
1187,2018-10-22,0.57,0.57,0.57,0.57,80000.0,0.01785714285714257
1188,2018-10-23,0.56,0.56,0.56,0.56,132500.0,0.0
1189,2018-10-24,0.56,0.56,0.56,0.555,81800.0,0.0
1190,2018-10-25,0.56,0.555,0.56,0.555,136000.0,0.009009009009008917
1191,2018-10-26,0.555,0.56,0.56,0.555,107000.0,0.0277777777777779
1192,2018-10-29,0.54,0.56,0.56,0.54,265300.0,0.0
1193,2018-10-30,0.54,0.53,0.54,0.53,25000.0,0.018867924528301883
1194,2018-11-07,0.53,0.53,0.54,0.53,117400.0,-0.02752293577981657
1195,2018-11-08,0.545,0.53,0.545,0.53,93200.0,0.0092592592592593
1196,2018-11-09,0.54,0.54,0.54,0.535,135600.0,0.0
1197,2018-11-12,0.54,0.535,0.54,0.53,138000.0,0.0
1198,2018-11-13,0.54,0.535,0.545,0.535,38100.0,0.0
1199,2018-11-14,0.54,0.535,0.54,0.535,32800.0,0.0
1200,2018-11-15,0.54,0.54,0.54,0.535,206500.0,-0.00917431192660556
1201,2018-11-16,0.545,0.54,0.545,0.54,130000.0,-0.00909090909090915
1202,2018-11-19,0.55,0.55,0.55,0.55,59200.0,0.0
1203,2018-11-21,0.55,0.54,0.55,0.54,29200.0,0.028037383177570208
1204,2018-11-22,0.535,0.54,0.54,0.535,108500.0,0.028846153846153966
1205,2018-11-26,0.52,0.545,0.545,0.5,43000.0,0.1428571428571428
1206,2018-11-28,0.455,0.495,0.495,0.455,37600.0,0.07058823529411762
1207,2018-11-29,0.425,0.45,0.49,0.425,55300.0,0.024096385542168752
1208,2018-11-30,0.415,0.425,0.425,0.41,34400.0,0.012195121951219523
1209,2018-12-03,0.41,0.415,0.415,0.41,60000.0,0.12328767123287676
1210,2018-12-04,0.365,0.41,0.41,0.365,69100.0,0.07352941176470584
1211,2018-12-05,0.34,0.36,0.36,0.34,40000.0,-0.042253521126760396
1212,2018-12-06,0.355,0.355,0.36,0.35,22000.0,-0.08974358974358987
1213,2018-12-07,0.39,0.39,0.39,0.39,35000.0,0.1470588235294117
1214,2018-12-13,0.34,0.36,0.36,0.34,10000.0,-0.1282051282051282
1215,2018-12-14,0.39,0.39,0.39,0.39,10000.0,0.1470588235294117
1216,2018-12-17,0.34,0.34,0.34,0.34,20000.0,0.0
1217,2018-12-18,0.34,0.34,0.34,0.34,14700.0,-0.014492753623188248
1218,2018-12-19,0.345,0.34,0.36,0.34,30900.0,-0.014285714285714346
1219,2018-12-21,0.35,0.35,0.35,0.35,2000.0,0.01449275362318847
1220,2018-12-24,0.345,0.345,0.345,0.345,15000.0,-0.04166666666666674
1221,2018-12-27,0.36,0.36,0.36,0.36,5000.0,-0.11111111111111116
1222,2018-12-31,0.405,0.405,0.405,0.405,800.0,0.15714285714285725
1223,2019-01-02,0.35,0.345,0.35,0.345,15000.0,0.0
1224,2019-01-03,0.35,0.35,0.35,0.35,5000.0,-0.05405405405405406
1225,2019-01-07,0.37,0.36,0.37,0.36,11200.0,-0.14942528735632188
1226,2019-01-09,0.435,0.4,0.49,0.4,57900.0,0.0
1227,2019-01-10,0.435,0.435,0.435,0.435,5600.0,0.011627906976744207
1228,2019-01-11,0.43,0.43,0.43,0.43,2000.0,0.11688311688311681
1229,2019-01-15,0.385,0.38,0.385,0.38,3300.0,-0.03749999999999998
1230,2019-01-16,0.4,0.405,0.405,0.4,6700.0,0.038961038961039085
1231,2019-01-17,0.385,0.4,0.4,0.385,34100.0,-0.03749999999999998
1232,2019-01-18,0.4,0.4,0.4,0.4,58900.0,0.05263157894736836
1233,2019-01-22,0.38,0.39,0.39,0.38,110000.0,0.01333333333333342
1234,2019-01-23,0.375,0.375,0.375,0.375,700.0,-0.013157894736842146
1235,2019-01-24,0.38,0.375,0.38,0.375,54600.0,0.0
1236,2019-01-25,0.38,0.37,0.38,0.365,107200.0,0.0
1237,2019-01-28,0.38,0.38,0.38,0.38,2000.0,0.041095890410958846
1238,2019-01-30,0.365,0.38,0.38,0.365,20000.0,-0.03947368421052633
1239,2019-02-04,0.38,0.38,0.38,0.38,3000.0,0.0
1240,2019-02-07,0.38,0.38,0.39,0.38,17000.0,0.0
1241,2019-02-08,0.38,0.39,0.39,0.38,8400.0,-0.03797468354430378
1242,2019-02-11,0.395,0.405,0.41,0.395,13900.0,-0.012499999999999956
1243,2019-02-12,0.4,0.4,0.41,0.4,102000.0,-0.024390243902438935
1244,2019-02-13,0.41,0.4,0.41,0.4,42600.0,-0.04651162790697683
1245,2019-02-14,0.43,0.41,0.43,0.41,47600.0,0.03614457831325302
1246,2019-02-15,0.415,0.42,0.45,0.415,40900.0,0.012195121951219523
1247,2019-02-18,0.41,0.41,0.42,0.41,102100.0,-0.06818181818181823
1248,2019-02-19,0.44,0.41,0.44,0.41,79300.0,0.06024096385542177
1249,2019-02-20,0.415,0.44,0.44,0.415,6900.0,-0.011904761904761862
1250,2019-02-21,0.42,0.42,0.42,0.42,16400.0,-0.41666666666666663
1251,2019-02-25,0.72,0.62,0.72,0.62,1260000.0,0.06666666666666665
1252,2019-02-26,0.675,0.85,0.855,0.66,3740000.0,-0.11764705882352933
1253,2019-02-27,0.765,0.68,0.765,0.665,3130000.0,-0.006493506493506551
1254,2019-02-28,0.77,0.78,0.785,0.76,1530000.0,-0.149171270718232
1255,2019-03-01,0.905,0.775,0.93,0.735,6910000.0,-0.20614035087719285
1256,2019-03-04,1.14,0.935,1.14,0.935,11520000.0,0.02702702702702675
1257,2019-03-05,1.11,1.14,1.19,1.06,5020000.0,-0.04310344827586188
1258,2019-03-06,1.16,1.09,1.19,1.09,3840000.0,0.01754385964912286
1259,2019-03-07,1.14,1.16,1.16,1.12,1540000.0,-0.03389830508474578
1260,2019-03-08,1.18,1.15,1.22,1.15,4139999.9999999995,0.09259259259259256
1261,2019-03-11,1.08,1.19,1.19,1.08,2360000.0,0.018867924528301883
1262,2019-03-12,1.06,1.09,1.11,1.05,1250000.0,-0.0940170940170939
1263,2019-03-13,1.17,1.07,1.17,1.06,4290000.0,0.01739130434782621
1264,2019-03-14,1.15,1.19,1.26,1.13,5260000.0,0.0
1265,2019-03-15,1.15,1.15,1.17,1.12,565200.0,0.04545454545454519
1266,2019-03-18,1.1,1.16,1.16,1.09,844100.0,0.08910891089108919
1267,2019-03-19,1.01,1.11,1.11,1.0,2280000.0,-0.01941747572815533
1268,2019-03-20,1.03,1.0,1.04,1.0,1260000.0,0.01980198019801982
1269,2019-03-21,1.01,1.04,1.05,1.0,519000.0,0.05208333333333348
1270,2019-03-22,0.96,1.01,1.01,0.955,1130000.0,0.04347826086956519
1271,2019-03-25,0.92,0.955,0.975,0.92,1630000.0,-0.08910891089108908
1272,2019-03-26,1.01,0.93,1.03,0.93,3050000.0,-0.05607476635514019
1273,2019-03-27,1.07,1.05,1.07,1.02,2320000.0,0.01904761904761898
1274,2019-03-28,1.05,1.07,1.07,1.04,642700.0,0.009615384615384581
1275,2019-03-29,1.04,1.06,1.07,1.03,416900.0,
